-- phpMyAdmin SQL Dump
-- version 5.2.0
-- https://www.phpmyadmin.net/
--
-- Host: 127.0.0.1
-- Generation Time: Aug 11, 2023 at 01:48 PM
-- Server version: 10.4.27-MariaDB
-- PHP Version: 8.0.25

SET SQL_MODE = "NO_AUTO_VALUE_ON_ZERO";
START TRANSACTION;
SET time_zone = "+00:00";


/*!40101 SET @OLD_CHARACTER_SET_CLIENT=@@CHARACTER_SET_CLIENT */;
/*!40101 SET @OLD_CHARACTER_SET_RESULTS=@@CHARACTER_SET_RESULTS */;
/*!40101 SET @OLD_COLLATION_CONNECTION=@@COLLATION_CONNECTION */;
/*!40101 SET NAMES utf8mb4 */;

--
-- Database: `eloquent`
--

-- --------------------------------------------------------

--
-- Table structure for table `attribute`
--

CREATE TABLE `attribute` (
  `id` bigint(20) UNSIGNED NOT NULL,
  `name` varchar(255) NOT NULL,
  `description` varchar(255) NOT NULL,
  `created_at` timestamp NULL DEFAULT NULL,
  `updated_at` timestamp NULL DEFAULT NULL
) ENGINE=InnoDB DEFAULT CHARSET=utf8mb4 COLLATE=utf8mb4_unicode_ci;

--
-- Dumping data for table `attribute`
--

INSERT INTO `attribute` (`id`, `name`, `description`, `created_at`, `updated_at`) VALUES
(1, 'Color', '', NULL, NULL),
(2, 'Size', '', NULL, NULL);

-- --------------------------------------------------------

--
-- Table structure for table `attributes`
--

CREATE TABLE `attributes` (
  `id` int(11) NOT NULL,
  `name` varchar(200) NOT NULL,
  `descrition` varchar(200) NOT NULL
) ENGINE=InnoDB DEFAULT CHARSET=utf8mb4 COLLATE=utf8mb4_general_ci;

--
-- Dumping data for table `attributes`
--

INSERT INTO `attributes` (`id`, `name`, `descrition`) VALUES
(1, 'Color', ''),
(2, 'Size', '');

-- --------------------------------------------------------

--
-- Table structure for table `attribute_attribute_value`
--

CREATE TABLE `attribute_attribute_value` (
  `id` int(11) NOT NULL,
  `attribute_id` int(11) NOT NULL,
  `attribute_value_id` int(11) NOT NULL,
  `updated_at` timestamp NULL DEFAULT NULL,
  `created_at` timestamp NULL DEFAULT NULL
) ENGINE=InnoDB DEFAULT CHARSET=utf8mb4 COLLATE=utf8mb4_general_ci;

-- --------------------------------------------------------

--
-- Table structure for table `attribute_attribute_values`
--

CREATE TABLE `attribute_attribute_values` (
  `id` int(11) NOT NULL,
  `attribute_id` int(11) NOT NULL,
  `attribute_value_id` int(11) NOT NULL,
  `updated_at` timestamp NULL DEFAULT NULL,
  `created_at` timestamp NULL DEFAULT NULL
) ENGINE=InnoDB DEFAULT CHARSET=utf8mb4 COLLATE=utf8mb4_general_ci;

-- --------------------------------------------------------

--
-- Table structure for table `attribute_values`
--

CREATE TABLE `attribute_values` (
  `id` int(11) NOT NULL,
  `name` varchar(200) NOT NULL,
  `description` varchar(200) NOT NULL,
  `updated_at` timestamp NULL DEFAULT NULL ON UPDATE current_timestamp(),
  `created_at` timestamp NULL DEFAULT NULL
) ENGINE=InnoDB DEFAULT CHARSET=utf8mb4 COLLATE=utf8mb4_general_ci;

-- --------------------------------------------------------

--
-- Table structure for table `brands`
--

CREATE TABLE `brands` (
  `id` bigint(20) UNSIGNED NOT NULL,
  `name` varchar(255) NOT NULL,
  `description` varchar(255) NOT NULL,
  `created_at` timestamp NULL DEFAULT NULL,
  `updated_at` timestamp NULL DEFAULT NULL
) ENGINE=InnoDB DEFAULT CHARSET=utf8mb4 COLLATE=utf8mb4_unicode_ci;

--
-- Dumping data for table `brands`
--

INSERT INTO `brands` (`id`, `name`, `description`, `created_at`, `updated_at`) VALUES
(1, 'NOVSIGHT', '', '2023-04-06 07:47:22', '2023-04-06 07:47:22'),
(2, 'N/A', '', '2023-04-06 07:51:40', '2023-04-06 07:51:40'),
(3, 'Suzuki', '', '2023-04-06 08:00:11', '2023-04-06 08:00:11'),
(4, 'Yamaha', '', '2023-04-06 08:00:16', '2023-04-06 08:00:16'),
(5, 'TVS', '', '2023-05-01 00:12:40', '2023-05-01 00:12:40'),
(6, 'HONDA', '', '2023-05-06 09:26:30', '2023-05-06 09:26:30'),
(7, 'HERO', '', '2023-05-06 09:29:05', '2023-05-06 09:29:05');

-- --------------------------------------------------------

--
-- Table structure for table `brand_categoryy`
--

CREATE TABLE `brand_categoryy` (
  `id` bigint(20) UNSIGNED NOT NULL,
  `brand_id` int(11) NOT NULL,
  `categoryy_id` int(11) NOT NULL,
  `created_at` timestamp NULL DEFAULT NULL,
  `updated_at` timestamp NULL DEFAULT NULL
) ENGINE=InnoDB DEFAULT CHARSET=utf8mb4 COLLATE=utf8mb4_unicode_ci;

-- --------------------------------------------------------

--
-- Table structure for table `brand_modell`
--

CREATE TABLE `brand_modell` (
  `id` int(11) NOT NULL,
  `brand_id` int(11) NOT NULL,
  `modell_id` int(11) NOT NULL,
  `updated_at` timestamp NULL DEFAULT NULL,
  `created_at` timestamp NULL DEFAULT NULL
) ENGINE=InnoDB DEFAULT CHARSET=utf8mb4 COLLATE=utf8mb4_general_ci;

--
-- Dumping data for table `brand_modell`
--

INSERT INTO `brand_modell` (`id`, `brand_id`, `modell_id`, `updated_at`, `created_at`) VALUES
(1, 1, 1, '2023-04-06 07:47:44', '2023-04-06 07:47:44'),
(2, 2, 2, '2023-04-06 07:52:08', '2023-04-06 07:52:08'),
(3, 4, 3, '2023-04-06 08:01:44', '2023-04-06 08:01:44'),
(4, 4, 4, '2023-04-06 08:01:53', '2023-04-06 08:01:53'),
(5, 4, 5, '2023-04-06 08:02:15', '2023-04-06 08:02:15'),
(6, 4, 6, '2023-04-06 08:02:31', '2023-04-06 08:02:31'),
(7, 4, 7, '2023-04-06 08:02:55', '2023-04-06 08:02:55'),
(8, 4, 8, '2023-04-06 08:03:25', '2023-04-06 08:03:25'),
(9, 4, 9, '2023-04-06 08:06:38', '2023-04-06 08:06:38'),
(10, 3, 10, '2023-04-06 08:08:55', '2023-04-06 08:08:55'),
(11, 4, 11, '2023-04-23 07:56:21', '2023-04-23 07:56:21'),
(12, 4, 12, '2023-04-23 08:05:56', '2023-04-23 08:05:56'),
(13, 4, 13, '2023-04-23 08:18:44', '2023-04-23 08:18:44'),
(14, 4, 14, '2023-04-29 09:42:46', '2023-04-29 09:42:46'),
(15, 3, 15, '2023-04-30 01:33:06', '2023-04-30 01:33:06'),
(16, 3, 16, '2023-04-30 01:44:12', '2023-04-30 01:44:12'),
(17, 3, 17, '2023-04-30 09:18:21', '2023-04-30 09:18:21'),
(18, 3, 18, '2023-05-01 00:01:35', '2023-05-01 00:01:35'),
(19, 5, 19, '2023-05-01 00:12:56', '2023-05-01 00:12:56'),
(20, 5, 20, '2023-05-01 00:14:13', '2023-05-01 00:14:13'),
(21, 5, 21, '2023-05-01 00:22:24', '2023-05-01 00:22:24'),
(22, 5, 22, '2023-05-01 00:27:34', '2023-05-01 00:27:34'),
(23, 5, 23, '2023-05-01 00:42:25', '2023-05-01 00:42:25'),
(24, 5, 24, '2023-05-01 01:08:08', '2023-05-01 01:08:08'),
(25, 6, 25, '2023-05-06 09:27:26', '2023-05-06 09:27:26'),
(26, 6, 26, '2023-05-06 09:27:41', '2023-05-06 09:27:41'),
(27, 6, 27, '2023-05-06 09:28:04', '2023-05-06 09:28:04'),
(28, 6, 28, '2023-05-06 09:28:36', '2023-05-06 09:28:36'),
(29, 7, 29, '2023-05-06 09:29:15', '2023-05-06 09:29:15'),
(30, 7, 30, '2023-05-06 09:29:24', '2023-05-06 09:29:24'),
(31, 6, 31, '2023-05-06 09:30:07', '2023-05-06 09:30:07'),
(32, 6, 32, '2023-05-06 09:30:16', '2023-05-06 09:30:16'),
(33, 6, 33, '2023-05-06 09:30:29', '2023-05-06 09:30:29'),
(34, 7, 34, '2023-05-06 09:32:06', '2023-05-06 09:32:06'),
(35, 7, 35, '2023-05-06 09:32:25', '2023-05-06 09:32:25'),
(36, 7, 36, '2023-05-10 08:50:20', '2023-05-10 08:50:20'),
(37, 6, 37, '2023-05-11 08:31:14', '2023-05-11 08:31:14'),
(38, 6, 38, '2023-05-11 08:37:15', '2023-05-11 08:37:15'),
(39, 6, 39, '2023-05-20 01:47:59', '2023-05-20 01:47:59'),
(40, 7, 40, '2023-05-20 01:51:06', '2023-05-20 01:51:06'),
(41, 7, 41, '2023-05-20 08:18:13', '2023-05-20 08:18:13'),
(42, 6, 42, '2023-05-20 08:45:30', '2023-05-20 08:45:30'),
(43, 4, 43, '2023-05-21 08:35:57', '2023-05-21 08:35:57');

-- --------------------------------------------------------

--
-- Table structure for table `categories`
--

CREATE TABLE `categories` (
  `id` bigint(20) UNSIGNED NOT NULL,
  `name` varchar(255) NOT NULL,
  `created_at` timestamp NULL DEFAULT NULL,
  `updated_at` timestamp NULL DEFAULT NULL
) ENGINE=InnoDB DEFAULT CHARSET=utf8mb4 COLLATE=utf8mb4_unicode_ci;

-- --------------------------------------------------------

--
-- Table structure for table `categoryys`
--

CREATE TABLE `categoryys` (
  `id` bigint(20) UNSIGNED NOT NULL,
  `name` varchar(255) NOT NULL,
  `description` varchar(255) NOT NULL,
  `parentId` int(11) DEFAULT 0,
  `created_at` timestamp NULL DEFAULT NULL,
  `updated_at` timestamp NULL DEFAULT NULL
) ENGINE=InnoDB DEFAULT CHARSET=utf8mb4 COLLATE=utf8mb4_unicode_ci;

--
-- Dumping data for table `categoryys`
--

INSERT INTO `categoryys` (`id`, `name`, `description`, `parentId`, `created_at`, `updated_at`) VALUES
(1, 'After Market Parts', '', 0, '2023-04-06 07:45:20', '2023-04-06 07:45:20'),
(2, 'Locks', '', 0, '2023-04-06 07:50:48', '2023-04-06 07:50:48'),
(3, 'Parts & Accessories', '', 0, '2023-04-06 08:07:59', '2023-04-06 08:07:59');

-- --------------------------------------------------------

--
-- Table structure for table `category_post`
--

CREATE TABLE `category_post` (
  `id` bigint(20) UNSIGNED NOT NULL,
  `category_id` int(11) NOT NULL,
  `post_id` int(11) NOT NULL,
  `created_at` timestamp NULL DEFAULT NULL,
  `updated_at` timestamp NULL DEFAULT NULL
) ENGINE=InnoDB DEFAULT CHARSET=utf8mb4 COLLATE=utf8mb4_unicode_ci;

--
-- Dumping data for table `category_post`
--

INSERT INTO `category_post` (`id`, `category_id`, `post_id`, `created_at`, `updated_at`) VALUES
(1, 1, 2, NULL, NULL),
(2, 1, 1, NULL, NULL),
(3, 2, 2, NULL, NULL),
(4, 2, 2, NULL, NULL),
(5, 3, 4, NULL, NULL),
(6, 3, 3, NULL, NULL),
(7, 4, 6, NULL, NULL),
(8, 6, 4, NULL, NULL),
(9, 4, 4, NULL, NULL),
(10, 1, 6, NULL, NULL),
(11, 2, 4, NULL, NULL),
(12, 2, 2, NULL, NULL),
(13, 3, 4, NULL, NULL),
(14, 3, 2, NULL, NULL),
(15, 2, 6, NULL, NULL),
(16, 2, 4, NULL, NULL);

-- --------------------------------------------------------

--
-- Table structure for table `category_posts`
--

CREATE TABLE `category_posts` (
  `id` bigint(20) UNSIGNED NOT NULL,
  `category_id` int(11) NOT NULL,
  `post_id` int(11) NOT NULL,
  `created_at` timestamp NULL DEFAULT NULL,
  `updated_at` timestamp NULL DEFAULT NULL
) ENGINE=InnoDB DEFAULT CHARSET=utf8mb4 COLLATE=utf8mb4_unicode_ci;

-- --------------------------------------------------------

--
-- Table structure for table `comments`
--

CREATE TABLE `comments` (
  `id` bigint(20) UNSIGNED NOT NULL,
  `post_id` int(11) NOT NULL,
  `message` varchar(255) NOT NULL,
  `created_at` timestamp NULL DEFAULT NULL,
  `updated_at` timestamp NULL DEFAULT NULL
) ENGINE=InnoDB DEFAULT CHARSET=utf8mb4 COLLATE=utf8mb4_unicode_ci;

--
-- Dumping data for table `comments`
--

INSERT INTO `comments` (`id`, `post_id`, `message`, `created_at`, `updated_at`) VALUES
(1, 1, 'Post One Message', NULL, NULL),
(2, 1, 'Post One Message Two', NULL, NULL),
(3, 2, 'Post Two Message', NULL, NULL),
(4, 1, 'Post One Message Three', NULL, NULL),
(5, 2, 'Post Two Message Two', NULL, NULL);

-- --------------------------------------------------------

--
-- Table structure for table `customer`
--

CREATE TABLE `customer` (
  `id` int(11) NOT NULL,
  `name` varchar(250) DEFAULT NULL,
  `email` varchar(250) DEFAULT NULL,
  `phone` varchar(250) DEFAULT NULL,
  `bike_info` varchar(1000) DEFAULT NULL,
  `address` varchar(500) DEFAULT NULL,
  `description` varchar(500) DEFAULT NULL,
  `created_at` timestamp NOT NULL DEFAULT current_timestamp(),
  `updated_at` timestamp NOT NULL DEFAULT current_timestamp()
) ENGINE=InnoDB DEFAULT CHARSET=utf8mb4 COLLATE=utf8mb4_general_ci;

--
-- Dumping data for table `customer`
--

INSERT INTO `customer` (`id`, `name`, `email`, `phone`, `bike_info`, `address`, `description`, `created_at`, `updated_at`) VALUES
(1, 'Rahajul Amin Shuvo', '', '01718037192', 'MT 15 V1', 'Nakhalpara', '', '2023-04-06 08:34:37', '2023-04-06 08:34:37'),
(2, 'Md. Homayun Kabir', 'homayun18bd@gmail.com', '01735714742', 'FZV3', '332/1 East Nakhal Para, Tejgaon, Dhaka', '', '2023-04-14 03:01:18', '2023-04-14 03:01:18');

-- --------------------------------------------------------

--
-- Table structure for table `details_infos`
--

CREATE TABLE `details_infos` (
  `id` bigint(20) UNSIGNED NOT NULL,
  `bar_code` varchar(250) DEFAULT NULL,
  `product_id` int(11) DEFAULT NULL,
  `category_id` int(11) DEFAULT NULL,
  `brand_id` int(11) NOT NULL,
  `model_id` int(11) NOT NULL,
  `tag_id` int(11) NOT NULL,
  `color_id` int(11) NOT NULL DEFAULT 0,
  `size_id` int(11) NOT NULL DEFAULT 0,
  `description` varchar(255) NOT NULL,
  `created_at` timestamp NULL DEFAULT NULL,
  `updated_at` timestamp NULL DEFAULT NULL
) ENGINE=InnoDB DEFAULT CHARSET=utf8mb4 COLLATE=utf8mb4_unicode_ci;

--
-- Dumping data for table `details_infos`
--

INSERT INTO `details_infos` (`id`, `bar_code`, `product_id`, `category_id`, `brand_id`, `model_id`, `tag_id`, `color_id`, `size_id`, `description`, `created_at`, `updated_at`) VALUES
(1, 'A397-F03-H4', 1, 1, 1, 1, 0, 0, 0, '', '2023-04-06 07:48:41', '2023-05-08 08:00:36'),
(2, 'CN-U-LOCK', 2, 2, 2, 2, 0, 0, 0, '', '2023-04-06 07:52:28', '2023-05-08 07:49:51'),
(3, '21411-34J00-000', 3, 3, 3, 10, 0, 0, 0, '', '2023-04-06 08:09:01', '2023-05-10 05:44:40'),
(4, '21462-34J00-0006', 4, 3, 3, 10, 0, 0, 0, '', '2023-04-06 08:09:46', '2023-05-08 07:59:11'),
(5, '64651-35J00-000', 5, 3, 3, 10, 0, 0, 0, '', '2023-04-06 08:10:55', '2023-04-06 08:10:55'),
(6, '21C-F3340-01', 6, 3, 4, 6, 0, 0, 0, '', '2023-04-06 08:11:52', '2023-04-06 08:11:52'),
(7, 'BK7-E2170-00', 7, 3, 4, 3, 0, 0, 0, '', '2023-04-06 08:15:18', '2023-04-06 08:15:18'),
(8, 'BK7-E6321-00', 8, 3, 4, 3, 0, 0, 0, '', '2023-04-06 08:16:06', '2023-04-06 08:16:06'),
(9, 'BK7-E6320-00', 8, 3, 4, 3, 0, 0, 0, '', '2023-04-06 08:20:47', '2023-04-06 08:20:47'),
(10, 'BK7-E6331-00', 8, 3, 4, 3, 0, 0, 0, '', '2023-04-06 08:21:17', '2023-04-06 08:21:17'),
(11, '2GS-E5580-10', 10, 3, 4, 7, 0, 0, 0, '', '2023-04-06 08:23:35', '2023-04-06 08:23:35'),
(12, '54B-E5580-00', 10, 3, 4, 3, 0, 0, 0, 'R15/MT', '2023-04-06 08:24:19', '2023-04-06 08:24:19'),
(13, 'BK7-E2460-01', 9, 3, 4, 3, 0, 0, 0, '', '2023-04-06 08:25:12', '2023-04-06 08:25:12'),
(14, 'BK7-F6290-00', 11, 3, 4, 3, 0, 0, 0, '', '2023-04-06 08:28:04', '2023-04-06 08:28:04'),
(15, 'BK7-F6280-00', 12, 3, 4, 3, 0, 0, 0, '', '2023-04-06 08:28:22', '2023-04-06 08:28:22'),
(16, '2GS-H591A-00', 13, 3, 4, 7, 0, 0, 0, '', '2023-04-06 08:28:44', '2023-04-06 08:28:44'),
(17, 'B9D-F6301-00', 14, 3, 4, 11, 0, 0, 0, '', '2023-04-23 07:58:29', '2023-04-23 07:58:29'),
(18, 'B19-E6335-00', 15, 3, 4, 11, 0, 0, 0, '', '2023-04-23 08:04:10', '2023-04-23 08:04:10'),
(19, 'B4G-F6311-00', 14, 3, 4, 7, 0, 0, 0, '', '2023-04-23 08:04:45', '2023-04-23 08:04:45'),
(20, '20P-F6335-01', 15, 3, 4, 8, 0, 0, 0, '', '2023-04-23 08:05:14', '2023-04-23 08:05:14'),
(21, '2GS-F6311-10', 14, 3, 4, 12, 1, 0, 0, '', '2023-04-23 08:06:43', '2023-04-23 08:06:43'),
(22, 'BK7-F6335-00', 15, 3, 4, 3, 0, 0, 0, '', '2023-04-23 08:07:35', '2023-04-23 08:07:35'),
(23, 'BK7-F6311-00', 16, 3, 4, 3, 2, 0, 0, '', '2023-04-23 08:09:41', '2023-04-23 08:09:41'),
(24, 'BK7-F6312-00', 17, 3, 4, 3, 2, 0, 0, '', '2023-04-23 08:10:27', '2023-04-23 08:10:27'),
(25, '21C-F6311-21', 16, 3, 4, 6, 2, 0, 0, '', '2023-04-23 08:11:12', '2023-04-23 08:11:12'),
(26, '21C-F6312-00', 17, 3, 4, 6, 2, 0, 0, '', '2023-04-23 08:11:42', '2023-04-23 08:11:42'),
(27, '21C-F6331-01', 18, 3, 4, 6, 2, 0, 0, '', '2023-04-23 08:13:18', '2023-04-23 08:13:18'),
(28, '21C-F6335-04', 15, 3, 4, 6, 0, 0, 0, '', '2023-04-23 08:18:03', '2023-04-23 08:18:03'),
(29, '2LP-F6331-00', 18, 3, 4, 13, 0, 0, 0, '', '2023-04-23 08:19:12', '2023-04-23 08:19:12'),
(30, '2LP-F6335-00', 15, 3, 4, 13, 0, 0, 0, '', '2023-04-23 08:19:42', '2023-04-23 08:19:42'),
(31, 'BR2-F6311-01', 15, 3, 4, 13, 0, 0, 0, '', '2023-04-23 08:20:11', '2023-04-23 08:20:11'),
(32, 'B8D-F6301-00', 19, 3, 4, 11, 0, 0, 0, '', '2023-04-23 08:21:36', '2023-04-23 08:21:36'),
(33, 'BK6-F6311-00', 19, 3, 4, 3, 2, 0, 0, '', '2023-04-23 08:22:47', '2023-04-23 08:22:47'),
(34, 'BK6-F6312-00', 19, 3, 4, 3, 0, 0, 0, '', '2023-04-23 08:23:00', '2023-04-23 08:23:00'),
(35, 'BK6-F6335-00', 20, 3, 4, 3, 0, 0, 0, '', '2023-04-23 08:24:18', '2023-04-23 08:24:18'),
(36, '2WS-F8381-00', 80, 3, 4, 6, 0, 0, 0, 'Black Visor', '2023-04-29 07:30:20', '2023-04-29 07:30:20'),
(37, '21C-F8381-00', 80, 3, 4, 6, 0, 0, 0, 'BLACK VISOR', '2023-04-29 07:33:21', '2023-04-29 07:33:21'),
(38, '2GS-F8380-00', 80, 3, 4, 7, 0, 0, 0, 'BLACK VISOR', '2023-04-29 07:34:07', '2023-04-29 07:34:07'),
(39, 'B9E-F580U-00', 63, 3, 4, 7, 0, 0, 0, 'FRONT CALIPER RIGHT', '2023-04-29 07:39:20', '2023-04-29 07:39:20'),
(40, '5US-F580U-00', 63, 3, 4, 6, 0, 0, 0, 'GOLD COLOR FRONT CALIPER', '2023-04-29 07:40:41', '2023-04-29 07:40:41'),
(41, 'B97-F580W-10', 63, 3, 4, 7, 0, 0, 0, 'FI-V2-V3 REAR CALIPER', '2023-04-29 07:42:34', '2023-04-29 07:42:34'),
(42, 'B97-F580U-00', 63, 3, 4, 7, 0, 0, 0, 'FI-V2-V3 FRONT CALIPER', '2023-04-29 07:43:38', '2023-04-29 07:43:38'),
(43, 'B97-F583V-00', 64, 3, 4, 3, 0, 0, 0, 'REAR MASTER CYLINDER', '2023-04-29 08:00:02', '2023-04-29 08:00:02'),
(44, 'B9E-F580A-00', 64, 3, 4, 7, 0, 0, 0, 'FRONT', '2023-04-29 08:01:25', '2023-04-29 08:01:25'),
(45, '54B-WF587-00', 64, 3, 4, 12, 0, 0, 0, 'FI ALL MODEL', '2023-04-29 08:03:17', '2023-04-29 08:03:17'),
(46, 'B97-F580A-00', 64, 3, 4, 8, 0, 0, 0, 'FRONT', '2023-04-29 08:05:04', '2023-04-29 08:05:04'),
(47, 'BK7-WE661-11', 28, 3, 4, 3, 0, 0, 0, 'CYLINDER BLOCK WITH PISTON', '2023-04-29 08:09:55', '2023-04-29 08:09:55'),
(48, 'B9P-WE661-00', 28, 3, 4, 12, 0, 0, 0, 'FI ALL', '2023-04-29 08:10:28', '2023-04-29 08:10:28'),
(49, '21C-WE661-10', 28, 3, 4, 6, 0, 0, 0, 'FZ V1', '2023-04-29 08:11:11', '2023-04-29 08:11:11'),
(50, '1CK-WE661-10-10', 28, 3, 4, 8, 0, 0, 0, '', '2023-04-29 08:11:45', '2023-04-29 08:11:45'),
(51, '2GS-H4300-00', 69, 3, 4, 12, 0, 0, 0, '', '2023-04-29 08:15:53', '2023-04-29 08:15:53'),
(52, 'BK7-H4300-00', 69, 3, 4, 3, 0, 0, 0, '', '2023-04-29 08:16:21', '2023-04-29 08:16:21'),
(53, '45S-H4300-00', 69, 3, 4, 6, 0, 0, 0, 'FAZER V2 HEADLIGHT', '2023-04-29 08:17:05', '2023-04-29 08:17:05'),
(54, 'B4G-H4300-00', 69, 3, 4, 7, 0, 0, 0, 'FZ V3 HEADLIGHT', '2023-04-29 08:17:54', '2023-04-29 08:17:54'),
(55, '21C-E4901-30', 85, 3, 4, 6, 0, 0, 0, 'V1 CARBURETOR SINGLE CABLE', '2023-04-29 08:20:15', '2023-04-29 08:20:15'),
(56, '21C-F5355-01', 86, 3, 4, 6, 0, 0, 0, 'CLUTCH FOOT LEVER, FZ V1-V2 FAZER', '2023-04-29 08:31:35', '2023-04-29 08:31:35'),
(57, '2GS-E8110-10', 41, 3, 4, 12, 0, 0, 0, 'FI ALL', '2023-04-29 08:32:46', '2023-04-29 08:32:46'),
(58, 'BK7-F7404-00', 87, 3, 4, 3, 0, 0, 0, 'BRAKE LEVER REAR FOOTREST', '2023-04-29 08:46:39', '2023-04-29 08:46:39'),
(59, '21C-F7211-10', 42, 3, 4, 6, 0, 0, 0, 'DRUM BRAKE LEVER', '2023-04-29 08:48:01', '2023-04-29 08:48:01'),
(60, 'BK7-E8110-00', 41, 3, 4, 3, 0, 0, 0, 'FOOT GEAR LEVER', '2023-04-29 08:49:15', '2023-04-29 08:49:15'),
(61, '20P-F6241-01', 49, 3, 4, 3, 0, 0, 0, 'RUBBER GRIP', '2023-04-29 08:50:01', '2023-04-29 08:50:01'),
(62, '21C-F6240-00', 49, 3, 4, 6, 0, 0, 0, 'FZ/FAZER ALL RIGHT SIDE BRAKE GRIP', '2023-04-29 08:51:52', '2023-04-29 08:51:52'),
(63, '21C-F6241-00', 49, 3, 4, 6, 0, 0, 0, 'FZ/FAZER ALL LEFT SIDE CLUTCH GRIP', '2023-04-29 08:52:55', '2023-04-29 08:52:55'),
(64, 'BK7-WF661-90', 47, 3, 4, 3, 0, 0, 0, '', '2023-04-29 08:53:46', '2023-04-29 08:53:46'),
(65, '1CK-WF661-90', 47, 3, 4, 8, 0, 0, 0, '', '2023-04-29 08:54:13', '2023-04-29 08:54:13'),
(66, 'B97-WF661-90', 47, 3, 4, 7, 0, 0, 0, 'JAPAN', '2023-04-29 08:54:53', '2023-04-29 08:54:53'),
(67, '5YY-H2911-02', 88, 3, 4, 6, 0, 0, 0, '', '2023-04-29 08:58:09', '2023-04-29 08:58:09'),
(68, '35B-F7461-00', 78, 3, 4, 7, 0, 0, 0, 'RIGHT SIDE', '2023-04-29 08:59:51', '2023-04-29 08:59:51'),
(69, '20P-F7441-00', 78, 3, 4, 8, 0, 0, 0, 'REAR RIGHT SIDE FOOTREST', '2023-04-29 09:03:47', '2023-04-29 09:03:47'),
(70, '20P-F7451-00', 78, 3, 4, 8, 0, 0, 0, 'REAR LEFT SIDE', '2023-04-29 09:04:37', '2023-04-29 09:04:37'),
(71, '35B-F7451-00', 78, 3, 4, 7, 0, 0, 0, 'REAR LEFT SIDE', '2023-04-29 09:05:30', '2023-04-29 09:05:30'),
(72, '5TP-H1801-00', 79, 3, 4, 6, 0, 0, 0, 'FZ ALL MODEL', '2023-04-29 09:06:41', '2023-04-29 09:06:41'),
(73, '54B-H1940-01', 89, 3, 4, 12, 0, 0, 0, 'SHELF RELAY', '2023-04-29 09:09:05', '2023-04-29 09:09:05'),
(74, '21C-H940-30', 89, 3, 4, 6, 0, 0, 0, 'FZ V1 SELF RELAY', '2023-04-29 09:09:47', '2023-04-29 09:09:47'),
(75, '20P-H1950-01', 90, 3, 4, 3, 0, 0, 0, 'ALL R15 RADIATOR RELAY', '2023-04-29 09:11:24', '2023-04-29 09:11:24'),
(76, '21C-H1951-20', 91, 3, 4, 6, 0, 0, 0, 'FZ V1 ', '2023-04-29 09:12:59', '2023-04-29 09:12:59'),
(77, 'B4G-H2370-00', 92, 3, 4, 6, 0, 0, 0, 'FZ ALL MODEL', '2023-04-29 09:14:25', '2023-04-29 09:14:25'),
(78, '5US-W0041-00', 65, 3, 4, 6, 0, 0, 0, 'FZ ALL MODEL- MASTER CY BOCKET', '2023-04-29 09:15:58', '2023-04-29 09:15:58'),
(79, 'B97-F5808-00', 65, 3, 4, 7, 0, 0, 0, 'MASTER CY BOCKET V3', '2023-04-29 09:16:58', '2023-04-29 09:16:58'),
(80, '5P0-F580A-00', 65, 3, 4, 8, 0, 0, 0, 'R15 V1/V2 ALL F. BOCKET', '2023-04-29 09:17:59', '2023-04-29 09:17:59'),
(81, '5US-W0047-00', 93, 3, 4, 6, 0, 0, 0, 'FZ ALL', '2023-04-29 09:20:50', '2023-04-29 09:20:50'),
(82, '21C-E1193-00', 53, 3, 4, 6, 0, 0, 0, 'FZ ALL MODEL', '2023-04-29 09:21:31', '2023-04-29 09:21:31'),
(83, '21C-E6331-00', 8, 3, 4, 6, 0, 0, 0, 'FZ ALL MODEL', '2023-04-29 09:30:21', '2023-04-29 09:30:21'),
(84, '54B-E6321-00', 8, 3, 4, 6, 0, 0, 0, 'FZ ALL MODEL', '2023-04-29 09:30:56', '2023-04-29 09:30:56'),
(85, '21C-E6324-00', 94, 3, 4, 6, 0, 0, 0, 'FZ ALL MODEL', '2023-04-29 09:32:08', '2023-04-29 09:32:08'),
(86, 'BK7-E6324-00', 94, 3, 4, 3, 0, 0, 0, 'R15 ALL MODEL', '2023-04-29 09:33:17', '2023-04-29 09:33:17'),
(87, 'BK7-E6325-00', 94, 3, 4, 3, 0, 0, 0, 'R15 ALL MODEL', '2023-04-29 09:33:55', '2023-04-29 09:33:55'),
(88, 'BK7-E6331-00', 8, 3, 4, 3, 0, 0, 0, 'R15 ALL MODEL', '2023-04-29 09:34:38', '2023-04-29 09:34:38'),
(89, 'BK7-E6321-00', 8, 3, 4, 3, 0, 0, 0, 'R15 ALL MODEL', '2023-04-29 09:35:07', '2023-04-29 09:35:07'),
(90, 'BK7-E6320-00', 8, 3, 4, 3, 0, 0, 0, 'R15 ALL MODEL', '2023-04-29 09:35:50', '2023-04-29 09:35:50'),
(91, '21C-WF661-90', 47, 3, 4, 12, 0, 0, 0, '', '2023-04-29 09:36:38', '2023-04-29 09:36:38'),
(92, '5KA-W6619-00', 47, 3, 4, 6, 0, 0, 0, 'FZ V1', '2023-04-29 09:37:09', '2023-04-29 09:37:09'),
(93, 'B9X-H3720-09', 58, 3, 4, 3, 0, 0, 0, 'FRONT/REAR BOTH', '2023-04-29 09:41:02', '2023-04-29 09:41:02'),
(94, '5TS-E4450-00', 38, 3, 4, 14, 0, 0, 0, 'FOAM AIR FILTER', '2023-04-29 09:43:04', '2023-04-29 09:43:04'),
(95, 'B9D-H3500-02', 95, 3, 4, 9, 0, 0, 0, 'DISPLAY', '2023-04-29 09:44:50', '2023-04-29 09:44:50'),
(96, '21C-H5701-03', 96, 3, 4, 6, 0, 0, 0, 'FZ V1 FUEL TANK BOYA', '2023-04-29 09:46:21', '2023-04-29 09:46:21'),
(97, 'B9E-H3500-00', 95, 3, 4, 3, 0, 0, 0, 'DISPLAY', '2023-04-29 09:46:53', '2023-04-29 09:46:53'),
(98, 'B4G-H3500-02', 95, 3, 4, 7, 0, 0, 0, 'DISPLAY', '2023-04-29 09:47:26', '2023-04-29 09:47:26'),
(99, 'BK6-E3907-00', 55, 3, 4, 3, 0, 0, 0, 'FUEL PUMP', '2023-04-29 09:48:32', '2023-04-29 09:48:32'),
(100, 'B9P-E3907-01', 55, 3, 4, 7, 0, 0, 0, 'FUEL PUMP', '2023-04-29 09:49:04', '2023-04-29 09:49:04'),
(101, '94568-G2096', 35, 3, 4, 6, 0, 0, 0, 'FZ V1/V2', '2023-04-29 09:50:56', '2023-04-29 09:50:56'),
(102, '94568-J9096', 35, 3, 4, 3, 0, 0, 0, '', '2023-04-29 09:51:31', '2023-04-29 09:51:31'),
(103, '21C-E2210-02', 34, 3, 4, 6, 0, 0, 0, 'FZ FI ALL', '2023-04-29 09:52:17', '2023-04-29 09:52:17'),
(104, '54B-E6357-00', 97, 3, 4, 6, 0, 0, 0, 'FZ FI ALL MODEL', '2023-04-29 09:53:44', '2023-04-29 09:53:44'),
(105, '21C-E2170-00', 98, 3, 4, 6, 0, 0, 0, 'FZ V1 CAMSHAFT ENGINE', '2023-04-29 09:55:38', '2023-04-29 09:55:38'),
(106, '2GS-E2170-00', 98, 3, 4, 7, 0, 0, 0, 'FZ V2-V3 FI ALL', '2023-04-29 09:56:09', '2023-04-29 09:56:09'),
(107, '1PM-E2280-00', 99, 3, 4, 6, 0, 0, 0, 'FZ V1 OIL PUMP', '2023-04-29 09:58:06', '2023-04-29 09:58:06'),
(108, '54B-E5580-00', 83, 3, 4, 3, 0, 0, 0, 'R15V3-MT MAGNET SIDE CLUTCH OUTER', '2023-04-29 09:59:20', '2023-04-29 09:59:20'),
(109, '21C-E8101-01', 100, 3, 4, 6, 0, 0, 0, 'GEAR SHIFTER ROD', '2023-04-29 10:00:43', '2023-04-29 10:00:43'),
(110, '21C-50070-00', 101, 3, 4, 6, 0, 0, 0, 'FZ ALL MODEL ENGINE OIL SEAL', '2023-04-29 10:01:49', '2023-04-29 10:01:49'),
(111, '21C-E6356-01', 102, 3, 4, 6, 0, 0, 0, 'ENGINE PUSH ROD', '2023-04-29 10:02:56', '2023-04-29 10:02:56'),
(112, '2PV-E2210-01', 34, 3, 4, 3, 0, 0, 0, 'TENSIONER', '2023-04-29 10:03:36', '2023-04-29 10:03:36'),
(113, '21C-E8101-00', 100, 3, 4, 6, 0, 0, 0, 'GEAR SHIFTER ROD', '2023-04-29 10:06:34', '2023-04-29 10:06:34'),
(114, 'BK7-E2170-00', 98, 3, 4, 3, 0, 0, 0, 'CAMSHAFT ASSY 1', '2023-04-29 10:07:17', '2023-04-29 10:07:17'),
(115, '1ST-E2151-00', 32, 3, 4, 7, 0, 0, 0, 'FZ V2/V3 FI ALL ROCKER', '2023-04-29 10:08:38', '2023-04-29 10:08:38'),
(116, '54B-E3300-00', 103, 3, 4, 6, 0, 0, 0, 'FZ V1 ENGINE OIL PUMP', '2023-04-29 10:09:56', '2023-04-29 10:09:56'),
(117, '50C-E1603-10', 34, 3, 4, 3, 0, 0, 0, 'TIMING CHAIN ADJUSTER', '2023-04-29 10:10:37', '2023-04-29 10:10:37'),
(118, '21C-E2151-10', 104, 3, 4, 6, 0, 0, 0, 'FZ FI ALL MODEL', '2023-04-29 10:11:56', '2023-04-29 10:11:56'),
(119, '2GS-E5580-10', 83, 3, 4, 4, 0, 0, 0, 'V2/V3 FI ALL MODEL MAGNET SIDE OUTER', '2023-04-29 10:13:24', '2023-04-29 10:13:24'),
(120, 'BK6-E2150-00', 104, 3, 4, 3, 0, 0, 0, '', '2023-04-29 10:14:13', '2023-04-29 10:14:13'),
(121, 'BK7-E2160-00', 104, 3, 4, 3, 0, 0, 0, '', '2023-04-29 10:14:38', '2023-04-29 10:14:38'),
(122, '21C-E6371-00', 105, 3, 4, 7, 0, 0, 0, 'FZ FI ALL', '2023-04-29 10:19:05', '2023-04-29 10:19:05'),
(123, '54B-E6351-00', 106, 3, 4, 7, 0, 0, 0, 'FZ FI ALL', '2023-04-29 10:19:55', '2023-04-29 10:19:55'),
(124, 'BK7-E2460-01', 9, 3, 4, 3, 0, 0, 0, 'RADIATOR', '2023-04-29 10:20:33', '2023-04-29 10:20:33'),
(125, 'B9P-H5970-00', 54, 3, 4, 9, 0, 0, 0, 'SPEED SENSOR CABLE FRONT', '2023-04-29 10:21:49', '2023-04-29 10:21:49'),
(126, '2GS-H2501-00', 107, 3, 4, 6, 0, 0, 0, 'SPEED SENSOR CABLE. FRONT ', '2023-04-29 10:24:50', '2023-04-29 10:24:50'),
(127, '2GS-XH250-00', 59, 3, 4, 7, 0, 0, 0, 'FZ FI ALL', '2023-04-29 10:25:44', '2023-04-29 10:25:44'),
(128, '2GS-H2501-00', 59, 3, 4, 7, 0, 0, 0, 'FI ALL LOCKSET SINGLE, ONLY ENGINE LOCK', '2023-04-29 10:27:21', '2023-04-29 10:27:21'),
(129, 'B4G-H2501-00', 59, 3, 4, 6, 0, 0, 0, 'FZ V1 ENGINE LOCK SINGLE', '2023-04-29 10:28:23', '2023-04-29 10:28:23'),
(130, 'BK7-XH250-00', 59, 3, 4, 3, 0, 0, 0, 'LOCKSET FULL SET', '2023-04-29 10:29:11', '2023-04-29 10:29:11'),
(131, '21C-E2119-00', 30, 3, 4, 6, 0, 0, 0, 'ENGINE VALVE SEAL', '2023-04-29 10:31:59', '2023-04-29 10:31:59'),
(132, '38B-E2119-00', 108, 3, 4, 3, 0, 0, 0, 'ENGINE VALVE SEAL COC', '2023-04-29 10:33:36', '2023-04-29 10:33:36'),
(133, 'BK7-E2241-00', 109, 3, 4, 3, 0, 0, 0, 'GURDER', '2023-04-29 10:35:30', '2023-04-29 10:35:30'),
(134, 'BK7-E2231-00', 110, 3, 4, 3, 0, 0, 0, 'GURDER', '2023-04-29 10:36:07', '2023-04-29 10:36:07'),
(135, '2GS-2111-00', 111, 3, 4, 7, 0, 0, 0, 'FZ FI ALL MODEL', '2023-04-29 10:38:58', '2023-04-29 10:38:58'),
(136, '2GS-E2121-00', 112, 3, 4, 7, 0, 0, 0, 'FZ FI ALL', '2023-04-29 10:39:49', '2023-04-29 10:39:49'),
(137, '21C-E2231-00', 110, 3, 4, 7, 0, 0, 0, 'FZ FI ALL', '2023-04-29 10:41:01', '2023-04-29 10:41:01'),
(138, '21C-E2241-00', 109, 3, 4, 7, 0, 0, 0, 'FZ FI ALL', '2023-04-29 10:41:36', '2023-04-29 10:41:36'),
(139, '1GC-E2119-00', 108, 3, 4, 8, 0, 0, 0, 'ENGINE VALVE SEAL STEM', '2023-04-29 10:45:09', '2023-04-29 10:45:09'),
(140, 'BK7-E2111-00', 111, 3, 4, 3, 0, 0, 0, '', '2023-04-29 10:45:57', '2023-04-29 10:45:57'),
(141, 'BK7-E2121-00', 112, 3, 4, 3, 0, 0, 0, '', '2023-04-29 10:46:23', '2023-04-29 10:46:23'),
(142, '54B-E2111-00', 111, 3, 4, 6, 0, 0, 0, 'FZ ALL', '2023-04-29 10:47:15', '2023-04-29 10:47:15'),
(143, '54B-E2121-00', 112, 3, 4, 6, 0, 0, 0, 'FZ ALL', '2023-04-29 10:47:46', '2023-04-29 10:47:46'),
(144, '4LS-E2156-00', 113, 3, 4, 6, 0, 0, 0, 'FZ OLD MODEL, ROCKER PIN', '2023-04-29 10:51:04', '2023-04-29 10:51:04'),
(145, 'B4G-XH250-10', 59, 3, 4, 7, 0, 0, 0, 'LOCKSET FULL', '2023-04-29 11:02:09', '2023-04-29 11:02:09'),
(146, '1CK-F583T-00', 64, 3, 4, 8, 0, 0, 0, 'MASTER CYLINDER FRONT  INDIAN', '2023-04-29 23:27:23', '2023-04-29 23:27:23'),
(147, 'BK7-H4710-00', 56, 3, 4, 3, 0, 0, 0, 'BACK LIGHT INDIAN', '2023-04-29 23:29:49', '2023-04-29 23:29:49'),
(148, '2GS-H4710-10', 56, 3, 4, 12, 0, 0, 0, 'TAIL LIGHT INDIAN BACK', '2023-04-29 23:31:27', '2023-04-29 23:31:27'),
(149, 'B9D-H4710-00', 56, 3, 4, 11, 0, 0, 0, 'TAIL BACK SIDE INDIAN', '2023-04-29 23:33:23', '2023-04-29 23:33:23'),
(150, '21C-F4500-20', 55, 3, 4, 6, 0, 0, 0, 'FUEL COCK TUNKY', '2023-04-29 23:34:29', '2023-04-29 23:34:29'),
(151, 'BK7-E3750-00', 61, 3, 4, 3, 0, 0, 0, 'THROTTLE  BODY INDIAN', '2023-04-29 23:36:11', '2023-04-29 23:36:11'),
(152, '5YP-E2405-00', 114, 3, 4, 8, 0, 0, 0, 'RADIATOR FAN R15 V2 OLD', '2023-04-29 23:37:24', '2023-04-29 23:37:24'),
(153, '2GS-E3750-03', 61, 3, 4, 12, 0, 0, 0, 'FZ V2/V3 FI INDIAN', '2023-04-29 23:38:18', '2023-04-29 23:38:18'),
(154, 'bk7f31410000', 48, 3, 4, 3, 0, 0, 0, 'FRONT SUSPENSION', '2023-04-29 23:42:00', '2023-04-29 23:42:00'),
(155, '21cf33400200', 115, 3, 4, 12, 0, 0, 0, 'FZ-V2 FI', '2023-04-29 23:44:15', '2023-04-29 23:44:15'),
(156, 'bk7f33400000', 115, 3, 4, 3, 0, 0, 0, '', '2023-04-29 23:44:59', '2023-04-29 23:44:59'),
(157, '21cf33400100', 115, 3, 4, 6, 0, 0, 0, 'FZ-V1', '2023-04-29 23:46:29', '2023-04-29 23:46:29'),
(158, 'BK7E635100', 105, 3, 4, 3, 0, 0, 0, 'R15 V3 BATI 1', '2023-04-29 23:49:06', '2023-04-29 23:49:06'),
(159, 'BK7E637100', 106, 3, 4, 3, 0, 0, 0, 'R15 V3 BATI 2', '2023-04-29 23:49:46', '2023-04-29 23:49:46'),
(160, 'b97f62800000', 116, 3, 4, 7, 0, 0, 0, 'FI ALL LEFT', '2023-04-29 23:51:30', '2023-04-29 23:51:30'),
(161, 'b97f62900000', 116, 3, 4, 7, 0, 0, 0, 'FI ALL RIGHT', '2023-04-29 23:52:06', '2023-04-29 23:52:06'),
(162, 'bk7f62800000', 117, 3, 4, 3, 0, 0, 0, '', '2023-04-29 23:53:41', '2023-04-29 23:53:41'),
(163, 'bk7f62900000', 118, 3, 4, 3, 0, 0, 0, '', '2023-04-29 23:53:57', '2023-04-29 23:53:57'),
(164, '21cf62803000', 117, 3, 4, 6, 0, 0, 0, '', '2023-04-29 23:55:19', '2023-04-29 23:55:19'),
(165, '21cf62903000', 118, 3, 4, 6, 0, 0, 0, '', '2023-04-29 23:55:38', '2023-04-29 23:55:38'),
(166, '2wsf62800000', 117, 3, 4, 6, 0, 0, 0, '', '2023-04-29 23:56:54', '2023-04-29 23:56:54'),
(167, '2wsf62900000', 118, 3, 4, 6, 0, 0, 0, '', '2023-04-29 23:57:11', '2023-04-29 23:57:11'),
(168, '2pbf62800100', 117, 3, 4, 8, 0, 0, 0, '', '2023-04-29 23:58:17', '2023-04-29 23:58:17'),
(169, 'bk7h39120000', 44, 3, 4, 3, 0, 0, 0, '', '2023-04-30 00:05:20', '2023-04-30 00:05:20'),
(170, '1pmh39220000', 44, 3, 4, 8, 0, 0, 0, '', '2023-04-30 00:06:31', '2023-04-30 00:06:31'),
(171, '5YYH392201', 44, 3, 4, 7, 0, 0, 0, 'FZ V2,3 FI', '2023-04-30 00:08:22', '2023-04-30 00:08:22'),
(172, '54bh39220000', 44, 3, 4, 6, 0, 0, 0, '', '2023-04-30 00:11:31', '2023-04-30 00:11:31'),
(173, '54BH391201', 43, 3, 4, 6, 0, 0, 0, '', '2023-04-30 00:12:49', '2023-04-30 00:12:49'),
(174, 'b9eh39220000', 44, 3, 4, 11, 0, 0, 0, '', '2023-04-30 00:15:05', '2023-04-30 00:15:05'),
(175, 'bk7f31100000', 22, 3, 4, 3, 0, 0, 0, 'INNER TUBE COMP 1', '2023-04-30 00:16:52', '2023-04-30 00:16:52'),
(176, '21cf31100000', 22, 3, 4, 6, 0, 0, 0, 'FZ 1,2,3 ALL ', '2023-04-30 00:17:37', '2023-04-30 00:17:37'),
(177, '20pf31100000', 22, 3, 4, 8, 0, 0, 0, '', '2023-04-30 00:18:38', '2023-04-30 00:18:38'),
(178, '21CF221000', 21, 3, 4, 6, 0, 0, 0, '', '2023-04-30 00:19:57', '2023-04-30 00:19:57'),
(179, '2gsf22100100', 21, 3, 4, 7, 0, 0, 0, 'fz V3 FI ALL', '2023-04-30 00:28:56', '2023-04-30 00:28:56'),
(180, 'bk7f22100000', 21, 3, 4, 3, 0, 0, 0, '', '2023-04-30 00:29:27', '2023-04-30 00:29:27'),
(181, 'bk7f61210000', 119, 3, 4, 3, 0, 0, 0, '', '2023-04-30 00:30:40', '2023-04-30 00:30:40'),
(182, 'bk7f61220000', 120, 3, 4, 3, 0, 0, 0, '', '2023-04-30 00:31:30', '2023-04-30 00:31:30'),
(183, '45pf71110000', 66, 3, 4, 6, 0, 0, 0, 'FZ FAZER FI V2 ALL', '2023-04-30 00:34:36', '2023-04-30 00:34:36'),
(184, '21cwe6606000', 121, 3, 4, 6, 0, 0, 0, 'V1', '2023-04-30 00:35:55', '2023-04-30 00:35:55'),
(185, 'b9dwe6606000', 121, 3, 4, 11, 0, 0, 0, '', '2023-04-30 00:36:42', '2023-04-30 00:36:42'),
(186, 'b9ewe6606000', 121, 3, 4, 3, 0, 0, 0, '', '2023-04-30 00:36:57', '2023-04-30 00:36:57'),
(187, '2gswe6606020', 121, 3, 4, 7, 0, 0, 0, 'V2,3 DOUBLE DISK', '2023-04-30 00:37:45', '2023-04-30 00:37:45'),
(188, '2lpwe6606000', 121, 3, 4, 13, 0, 0, 0, '', '2023-04-30 00:37:58', '2023-04-30 00:37:58'),
(189, '21cwe6606010', 121, 3, 4, 6, 0, 0, 0, 'SINGLE DISK', '2023-04-30 00:39:21', '2023-04-30 00:39:21'),
(190, '903871286300', 25, 3, 4, 7, 0, 0, 0, 'FI ALL', '2023-04-30 00:43:02', '2023-04-30 00:43:02'),
(191, '93317318y500', 122, 3, 4, 7, 0, 0, 0, 'FI ALL', '2023-04-30 00:43:57', '2023-04-30 00:43:57'),
(192, '21cf21840000', 122, 3, 4, 6, 0, 0, 0, '', '2023-04-30 00:44:46', '2023-04-30 00:44:46'),
(193, 'bk7f21840000', 25, 3, 4, 3, 0, 0, 0, '', '2023-04-30 00:47:33', '2023-04-30 00:47:33'),
(194, 'b4ge47990100', 23, 3, 4, 7, 0, 0, 0, '', '2023-04-30 00:49:50', '2023-04-30 00:49:50'),
(195, 'bk7e11930000', 53, 3, 4, 3, 0, 0, 0, '', '2023-04-30 00:51:57', '2023-04-30 00:51:57'),
(196, 'bk7e47990000', 23, 3, 4, 3, 0, 0, 0, '', '2023-04-30 00:52:17', '2023-04-30 00:52:17'),
(197, '1GCF530K00', 27, 3, 4, 6, 0, 0, 0, '', '2023-04-30 00:52:52', '2023-04-30 00:52:52'),
(198, '20pf582w0000', 74, 3, 4, 8, 0, 0, 0, '', '2023-04-30 00:55:09', '2023-04-30 00:55:09'),
(199, 'b97f582w0000', 74, 3, 4, 7, 0, 0, 0, 'FI ALL', '2023-04-30 00:55:36', '2023-04-30 00:55:36'),
(200, '21cf582u0000', 73, 3, 4, 6, 0, 0, 0, '', '2023-04-30 00:55:54', '2023-04-30 00:55:54'),
(201, 'b97f582u0000', 73, 3, 4, 7, 0, 0, 0, 'FI ALL', '2023-04-30 00:56:16', '2023-04-30 00:56:16'),
(202, '2gse47990000', 23, 3, 4, 12, 0, 0, 0, 'FI', '2023-04-30 00:58:43', '2023-04-30 00:58:43'),
(203, 'bk7e44500000', 38, 3, 4, 3, 0, 0, 0, 'V3 & MT', '2023-04-30 01:00:03', '2023-04-30 01:00:03'),
(204, '2gse44500000', 38, 3, 4, 7, 0, 0, 0, 'FI ALL', '2023-04-30 01:00:25', '2023-04-30 01:00:25'),
(205, '21ce34400100', 39, 3, 4, 6, 0, 0, 0, '', '2023-04-30 01:01:16', '2023-04-30 01:01:16'),
(206, '21cf620b0000', 20, 3, 4, 3, 0, 0, 0, '', '2023-04-30 01:02:57', '2023-04-30 01:02:57'),
(207, '21cf620b0000', 52, 3, 4, 6, 0, 0, 0, 'FZ FI ALL MODEL', '2023-04-30 01:03:32', '2023-04-30 01:03:32'),
(208, 'b97f58060000', 123, 3, 4, 5, 0, 0, 0, 'R15 FZ FI ALL', '2023-04-30 01:07:41', '2023-04-30 01:07:41'),
(209, '4s3w00450000', 123, 3, 4, 8, 0, 0, 0, '', '2023-04-30 01:08:02', '2023-04-30 01:08:02'),
(210, 'b97w00450000', 124, 3, 4, 5, 0, 0, 0, 'R15 FZ FI ALL', '2023-04-30 01:08:47', '2023-04-30 01:08:47'),
(211, '5USW004500', 124, 3, 4, 6, 0, 0, 0, '', '2023-04-30 01:10:23', '2023-04-30 01:10:23'),
(212, '2gsw00450000', 124, 3, 4, 12, 0, 0, 0, 'FZ FAZER V2', '2023-04-30 01:10:58', '2023-04-30 01:10:58'),
(213, 'B97F536400', 5, 3, 4, 3, 0, 0, 0, 'FZ FI ALL', '2023-04-30 01:16:31', '2023-04-30 01:16:31'),
(214, '2lpe44500000', 38, 3, 4, 13, 0, 0, 0, '', '2023-04-30 01:17:00', '2023-04-30 01:17:00'),
(215, '21cf53640000', 5, 3, 4, 6, 0, 0, 0, '', '2023-04-30 01:19:52', '2023-04-30 01:19:52'),
(216, '38be34400100', 39, 3, 4, 3, 0, 0, 0, '', '2023-04-30 01:20:16', '2023-04-30 01:20:16'),
(217, '947030088300', 40, 3, 4, 3, 0, 0, 0, 'FZ FAZER FI ALL', '2023-04-30 01:20:50', '2023-04-30 01:20:50'),
(218, '21cf61110100', 125, 3, 4, 6, 0, 0, 0, '', '2023-04-30 01:29:01', '2023-04-30 01:29:01'),
(219, 'b4gf61110000', 125, 3, 4, 7, 0, 0, 0, '', '2023-04-30 01:29:19', '2023-04-30 01:29:19'),
(220, 'b9df91110000', 125, 3, 4, 11, 0, 0, 0, '', '2023-04-30 01:29:49', '2023-04-30 01:29:49'),
(221, '21462-34j00-000', 105, 3, 3, 10, 0, 0, 0, '', '2023-04-30 01:31:46', '2023-04-30 01:31:46'),
(222, '21462-34j00-000', 106, 3, 3, 10, 0, 0, 0, '', '2023-04-30 01:32:14', '2023-04-30 01:32:14'),
(223, '21462-34j00-000', 106, 3, 3, 15, 0, 0, 0, '', '2023-04-30 01:33:13', '2023-04-30 01:33:13'),
(224, '21441-28g10-000', 105, 3, 3, 15, 0, 0, 0, '', '2023-04-30 01:33:33', '2023-04-30 01:33:33'),
(225, '21451-28030-000', 94, 3, 3, 15, 0, 0, 0, '', '2023-04-30 01:35:40', '2023-04-30 01:35:40'),
(226, '21441-30h30-000', 8, 3, 3, 10, 0, 0, 0, '3 PC SET', '2023-04-30 01:37:55', '2023-04-30 01:37:55'),
(227, '21441-30h20-000', 8, 3, 3, 10, 0, 0, 0, '2 PC SET', '2023-04-30 01:38:24', '2023-04-30 01:38:24'),
(228, '35710-34j10-000', 126, 3, 3, 10, 0, 0, 0, 'LED WHITE GLASS', '2023-04-30 01:42:39', '2023-04-30 01:42:39'),
(229, '56600-34j10-000', 116, 3, 3, 16, 0, 0, 0, '2 PC SET', '2023-04-30 01:45:03', '2023-04-30 01:45:03'),
(230, '51850-34j00-000', 127, 3, 3, 10, 0, 0, 0, 'BRACE,HEADLIGHT', '2023-04-30 01:47:43', '2023-04-30 01:47:43'),
(231, '35100-34j40-000', 69, 3, 3, 10, 0, 0, 0, 'OLD VERSION', '2023-04-30 01:48:14', '2023-04-30 01:48:14'),
(232, '94510-34j00-000', 127, 3, 3, 16, 0, 0, 0, '', '2023-04-30 01:48:44', '2023-04-30 01:48:44'),
(233, '12830-39j00-000', 34, 3, 3, 10, 0, 0, 0, '', '2023-04-30 01:49:49', '2023-04-30 01:49:49'),
(234, '12710-34j01-000', 98, 3, 3, 10, 0, 0, 0, 'GIXER SF ALL', '2023-04-30 01:51:14', '2023-04-30 01:51:14'),
(235, '12771-34j00-000', 33, 3, 3, 10, 0, 0, 0, 'WHITE', '2023-04-30 01:52:17', '2023-04-30 01:52:17'),
(236, '12811-34j00-000', 33, 3, 3, 10, 0, 0, 0, 'BLACK', '2023-04-30 01:52:44', '2023-04-30 01:52:44'),
(237, '12840-34j10-000', 104, 3, 3, 10, 0, 0, 0, '2 PC SET', '2023-04-30 01:53:40', '2023-04-30 01:53:40'),
(238, '54100-34220-000', 84, 3, 3, 10, 0, 0, 0, '', '2023-04-30 01:55:05', '2023-04-30 01:55:05'),
(239, '12600-34830-000', 83, 3, 3, 10, 0, 0, 0, 'MAGNET SIDE CLUTCH SET, STARTER', '2023-04-30 01:56:16', '2023-04-30 01:56:16'),
(240, '09289-05019-000', 108, 3, 3, 10, 0, 0, 0, 'VALVE OIL SEAL', '2023-04-30 01:56:48', '2023-04-30 01:56:48'),
(241, '12912-34j20-000', 112, 3, 3, 10, 0, 0, 0, '', '2023-04-30 01:57:43', '2023-04-30 01:57:43'),
(242, '12911-34j00-000', 111, 3, 3, 10, 0, 0, 0, '', '2023-04-30 01:58:15', '2023-04-30 01:58:15'),
(243, '12760-12f50-000', 35, 3, 3, 10, 0, 0, 0, 'CHAIN, CAM SHAFT DRIVE', '2023-04-30 01:59:09', '2023-04-30 01:59:09'),
(244, '11141-34j00-000', 53, 3, 3, 10, 0, 0, 0, '', '2023-04-30 01:59:41', '2023-04-30 01:59:41'),
(245, '59600-30h30-000', 64, 3, 3, 10, 0, 0, 0, 'FULL SET WITH LEVER', '2023-04-30 02:01:29', '2023-04-30 02:01:29'),
(246, '31100-34j11-000', 70, 3, 3, 10, 0, 0, 0, 'MOTOR ASSY, STARTING', '2023-04-30 02:01:58', '2023-04-30 02:01:58'),
(247, '33410-34ja0-000', 128, 3, 3, 10, 0, 0, 0, '', '2023-04-30 02:03:54', '2023-04-30 02:03:54'),
(248, '2gse37700000', 129, 3, 4, 7, 0, 0, 0, 'FZ FI ALL INJECTOR ASSY', '2023-04-30 02:05:07', '2023-04-30 02:05:07'),
(249, '2gsh23100000', 128, 3, 4, 7, 0, 0, 0, 'FI ALL', '2023-04-30 02:05:30', '2023-04-30 02:05:30'),
(250, 'b9ph591a0000', 130, 3, 4, 3, 0, 0, 0, 'BS4 REGULAR INDIAN', '2023-04-30 02:07:15', '2023-04-30 02:07:15'),
(251, 'b4gh598a0000', 130, 3, 4, 7, 0, 0, 0, 'BS4 INDIAN', '2023-04-30 02:08:02', '2023-04-30 02:08:02'),
(252, '2gsh19600100', 71, 3, 4, 7, 0, 0, 0, 'FZ V3 FI ALL', '2023-04-30 02:08:51', '2023-04-30 02:08:51'),
(253, 'b9ph23100000', 128, 3, 4, 12, 0, 0, 0, 'FZ FI ALL', '2023-04-30 02:09:21', '2023-04-30 02:09:21'),
(254, 'b9dh59300900', 131, 3, 4, 11, 0, 0, 0, 'HYDRAULIC UNIT ASSY, MT 15, FZ V3', '2023-04-30 02:11:52', '2023-04-30 02:11:52'),
(255, '2gsh591a0000', 130, 3, 4, 12, 0, 0, 0, 'FZ/FAZER V2', '2023-04-30 02:12:30', '2023-04-30 02:12:30'),
(256, 'bk6e37610000', 129, 3, 4, 3, 0, 0, 0, '', '2023-04-30 02:12:55', '2023-04-30 02:12:55'),
(257, 'b9ph23100000', 128, 3, 4, 12, 0, 0, 0, 'FZ FAZER V2', '2023-04-30 02:14:07', '2023-04-30 02:14:07'),
(258, '2gsh23100000', 128, 3, 4, 7, 0, 0, 0, 'FZ FI ALL', '2023-04-30 02:14:45', '2023-04-30 02:14:45'),
(259, '21ch55401000', 132, 3, 4, 6, 0, 0, 0, 'FZ V1', '2023-04-30 02:16:15', '2023-04-30 02:16:15'),
(260, '5yyh55401000', 132, 3, 4, 6, 0, 0, 0, 'FAZER V1 & GLADIATOR', '2023-04-30 02:22:29', '2023-04-30 02:22:29'),
(261, '21ch55401000', 132, 3, 4, 6, 0, 0, 0, 'FZ V1', '2023-04-30 02:23:02', '2023-04-30 02:23:02'),
(262, '2gsh18001100', 70, 3, 4, 7, 0, 0, 0, 'FZ FI ALL, STARTING MOTOR ASSY', '2023-04-30 02:24:30', '2023-04-30 02:24:30'),
(263, '21ch18000000', 70, 3, 4, 6, 0, 0, 0, 'FZ V1 BLACK COLOR', '2023-04-30 02:25:09', '2023-04-30 02:25:09'),
(264, 'bk7h14100000', 72, 3, 4, 3, 0, 0, 0, 'STATOR ASSY', '2023-04-30 02:25:56', '2023-04-30 02:25:56'),
(265, 'bk6h18000000', 70, 3, 4, 3, 0, 0, 0, 'STARTING MOTOR ASSY', '2023-04-30 02:26:43', '2023-04-30 02:26:43'),
(266, '2gsh14100000', 70, 3, 4, 6, 0, 0, 0, '', '2023-04-30 02:27:49', '2023-04-30 02:27:49'),
(267, 'bk7h47400000', 133, 3, 4, 3, 0, 0, 0, 'R15/MT', '2023-04-30 02:29:35', '2023-04-30 02:29:35'),
(268, '20ph33500000', 58, 3, 4, 3, 0, 0, 0, '2 PC SET FRNT', '2023-04-30 02:32:09', '2023-04-30 02:32:09'),
(269, '2pye61500000', 134, 3, 4, 6, 0, 0, 0, 'PRIMARY DRIVEN GEAR COMB', '2023-04-30 02:34:02', '2023-04-30 02:34:02'),
(270, 'b1ne61500000', 134, 3, 4, 7, 0, 0, 0, '', '2023-04-30 02:35:39', '2023-04-30 02:35:39'),
(271, 'b0te61500000', 134, 3, 4, 3, 0, 0, 0, '', '2023-04-30 02:36:09', '2023-04-30 02:36:09'),
(272, '4eb231450100', 68, 3, 4, 3, 0, 0, 0, 'FZ FI ALL', '2023-04-30 02:37:31', '2023-04-30 02:37:31'),
(273, '20pf31450000', 68, 3, 4, 8, 0, 0, 0, '', '2023-04-30 02:39:05', '2023-04-30 02:39:05'),
(274, 'b97f580w0000', 135, 3, 4, 3, 0, 0, 0, 'R15 MT FZ FI ALL', '2023-04-30 02:51:46', '2023-04-30 02:51:46'),
(275, 'b97f580u0000', 136, 3, 4, 12, 0, 0, 0, 'FI ALL', '2023-04-30 02:53:42', '2023-04-30 02:53:42'),
(276, 'b97f580w0000', 135, 3, 4, 3, 0, 0, 0, 'R15 MT FI ALL', '2023-04-30 02:56:11', '2023-04-30 02:56:11'),
(277, '32800-42k00-000', 71, 3, 3, 10, 0, 0, 0, '', '2023-04-30 03:01:11', '2023-04-30 03:01:11'),
(278, '69100-34j00-000', 135, 3, 3, 10, 0, 0, 0, '', '2023-04-30 03:01:46', '2023-04-30 03:01:46'),
(279, '51153-34j80-000', 68, 3, 3, 10, 0, 0, 0, '', '2023-04-30 09:14:58', '2023-04-30 09:14:58'),
(280, '51153-34j00-000', 68, 3, 3, 16, 0, 0, 0, '', '2023-04-30 09:15:25', '2023-04-30 09:15:25'),
(281, '32800-23K00-000', 71, 3, 3, 17, 0, 0, 0, '', '2023-04-30 09:18:34', '2023-04-30 09:18:34'),
(282, '37019-34j01-000', 59, 3, 3, 10, 0, 0, 0, 'FULL SET', '2023-04-30 09:19:21', '2023-04-30 09:19:21'),
(283, '11210-34j11-0f0', 28, 3, 3, 10, 0, 0, 0, '', '2023-04-30 09:19:49', '2023-04-30 09:19:49'),
(284, '13400-27k00-000', 61, 3, 3, 10, 0, 0, 0, 'FI VERSION', '2023-04-30 09:20:37', '2023-04-30 09:20:37'),
(285, '37400-34j30-000', 51, 3, 3, 10, 0, 0, 0, '', '2023-04-30 09:21:22', '2023-04-30 09:21:22'),
(286, '37200-34j30-000', 50, 3, 3, 10, 0, 0, 0, '', '2023-04-30 09:21:41', '2023-04-30 09:21:41'),
(287, '37200-34j00-000', 50, 3, 3, 10, 0, 0, 0, '', '2023-04-30 09:24:11', '2023-04-30 09:24:11'),
(288, '15100-34jb0-000', 55, 3, 3, 10, 0, 0, 0, '', '2023-04-30 09:26:55', '2023-04-30 09:26:55'),
(289, '16400-34j00-000', 103, 3, 3, 10, 0, 0, 0, 'ENGINE OIL PUMP', '2023-04-30 09:27:22', '2023-04-30 09:27:22'),
(290, '37102-34810-000', 59, 3, 3, 16, 0, 0, 0, 'GIXXER SF FI ABS', '2023-04-30 09:28:59', '2023-04-30 09:28:59'),
(291, '34810-34j00-000', 96, 3, 3, 10, 0, 0, 0, 'FUEL LEVEL GAUGE ASSY', '2023-04-30 09:30:08', '2023-04-30 09:30:08'),
(292, '13780-43800-000', 38, 3, 3, 15, 0, 0, 0, 'OLD MODEL', '2023-04-30 09:31:22', '2023-04-30 09:31:22'),
(293, '13780-23j01-000', 38, 3, 3, 15, 0, 0, 0, 'NEW MODEL', '2023-04-30 09:31:45', '2023-04-30 09:31:45'),
(294, '21200-34j01-000', 134, 3, 3, 10, 0, 0, 0, '', '2023-04-30 09:32:48', '2023-04-30 09:32:48'),
(295, '51600-28800-000', 47, 3, 3, 10, 0, 0, 0, '', '2023-04-30 09:33:20', '2023-04-30 09:33:20'),
(296, '35603-34j12-000', 57, 3, 3, 10, 0, 0, 0, 'RIGHT SIDE', '2023-04-30 09:35:52', '2023-04-30 09:35:52'),
(297, '35604-34j12-000', 57, 3, 3, 10, 0, 0, 0, 'LEFT SIDE', '2023-04-30 09:36:11', '2023-04-30 09:36:11'),
(298, '35601-34j12-000', 58, 3, 3, 10, 0, 0, 0, 'RIGHT SIDE', '2023-04-30 09:36:50', '2023-04-30 09:36:50'),
(299, '35602-34j12-000', 58, 3, 3, 10, 0, 0, 0, 'LEFT SIDE', '2023-04-30 09:37:10', '2023-04-30 09:37:10'),
(300, '56500-34j41-000', 118, 3, 3, 10, 0, 0, 0, '', '2023-04-30 09:38:01', '2023-04-30 09:38:01'),
(301, '56600-34j41-000', 117, 3, 3, 10, 0, 0, 0, '', '2023-04-30 09:38:16', '2023-04-30 09:38:16'),
(302, '27000-23810-000', 121, 3, 3, 15, 0, 0, 0, 'DRIVE CHAIN KIT', '2023-04-30 09:39:06', '2023-04-30 09:39:06'),
(303, '13200-34j50-000', 85, 3, 3, 10, 0, 0, 0, 'GIXXER 150', '2023-04-30 09:41:20', '2023-04-30 09:41:20'),
(304, '13200-34j11-000', 85, 3, 3, 16, 0, 0, 0, 'SF OLD MODEL', '2023-04-30 09:42:27', '2023-04-30 09:42:27'),
(305, '69211-34j20-000', 74, 3, 3, 10, 0, 0, 0, '', '2023-04-30 09:44:05', '2023-04-30 09:44:05'),
(306, '34990-30h01-000', 137, 3, 3, 16, 0, 0, 0, 'GIXXER SF FI ABS', '2023-04-30 09:46:15', '2023-04-30 09:46:15'),
(307, '34990-30hb1-000', 137, 3, 3, 10, 0, 0, 0, 'GIXXER FI ABS', '2023-04-30 09:46:48', '2023-04-30 09:46:48'),
(308, '11173-34j10-000', 53, 3, 3, 10, 0, 0, 0, '', '2023-04-30 09:47:09', '2023-04-30 09:47:09'),
(309, '57511-28g50-000', 88, 3, 3, 10, 0, 0, 0, '', '2023-04-30 09:48:03', '2023-04-30 09:48:03'),
(310, '43110-34j00-000', 42, 3, 3, 10, 0, 0, 0, 'SINGLE DISC', '2023-04-30 09:50:09', '2023-04-30 09:50:09'),
(311, '59600-30811-000', 65, 3, 3, 10, 0, 0, 0, '', '2023-04-30 09:52:12', '2023-04-30 09:52:12'),
(312, '43581-34j00-000', 138, 3, 3, 10, 0, 0, 0, '', '2023-04-30 09:58:30', '2023-04-30 09:58:30'),
(313, '43550-44g30-000', 142, 3, 3, 10, 0, 0, 0, '', '2023-04-30 09:59:52', '2023-04-30 09:59:52'),
(314, '43571-34j00-000', 139, 3, 3, 10, 0, 0, 0, '', '2023-04-30 10:00:27', '2023-04-30 10:00:27'),
(315, '43611-37h40-000', 141, 3, 3, 10, 0, 0, 0, '', '2023-04-30 10:00:57', '2023-04-30 10:00:57'),
(316, '43621-37h40-000', 140, 3, 3, 10, 0, 0, 0, '', '2023-04-30 10:01:13', '2023-04-30 10:01:13'),
(317, '33510-34j00-000', 92, 3, 3, 10, 0, 0, 0, '', '2023-04-30 10:01:37', '2023-04-30 10:01:37'),
(318, '23271-30h00-000', 143, 3, 3, 10, 0, 0, 0, '', '2023-04-30 10:03:15', '2023-04-30 10:03:15'),
(319, '25600-34j00-000', 41, 3, 3, 10, 0, 0, 0, '', '2023-04-30 10:03:52', '2023-04-30 10:03:52'),
(320, '56216-34j00-000', 52, 3, 3, 10, 0, 0, 0, 'GIXXER SF ALL MODEL', '2023-04-30 10:04:45', '2023-04-30 10:04:45'),
(321, '31800-34j02-000', 89, 3, 3, 10, 0, 0, 0, '', '2023-04-30 10:05:28', '2023-04-30 10:05:28'),
(322, '37740-34j10-000', 144, 3, 3, 10, 0, 0, 0, '', '2023-04-30 10:07:16', '2023-04-30 10:07:16'),
(323, '31130-34j00-000', 79, 3, 3, 10, 0, 0, 0, 'BRUSH TERMINAL SET', '2023-04-30 10:07:56', '2023-04-30 10:07:56'),
(324, '44211-34j01-000', 145, 3, 3, 10, 0, 0, 0, 'COVER FUEL TANK CAP', '2023-04-30 10:08:44', '2023-04-30 10:08:44'),
(325, '58200-23k10-000', 20, 3, 3, 17, 0, 0, 0, '', '2023-04-30 10:10:17', '2023-04-30 10:10:17'),
(326, '58300-23k21-000', 16, 3, 3, 17, 0, 0, 0, '', '2023-04-30 10:11:32', '2023-04-30 10:11:32'),
(327, '58300-23k31-000', 17, 3, 3, 17, 0, 0, 0, '', '2023-04-30 10:11:55', '2023-04-30 10:11:55'),
(328, '58300-42k10-000', 16, 3, 3, 16, 0, 0, 0, 'NEW MODEL', '2023-04-30 10:13:00', '2023-04-30 10:13:00'),
(329, '58300-42k00-000', 17, 3, 3, 16, 0, 0, 0, 'NEW MODEL', '2023-04-30 10:14:07', '2023-04-30 10:14:07'),
(330, '58410-34j00-000', 18, 3, 3, 10, 0, 0, 0, '', '2023-04-30 10:14:47', '2023-04-30 10:14:47'),
(331, '34910-23j00-000', 146, 3, 3, 15, 0, 0, 0, '', '2023-04-30 10:16:43', '2023-04-30 10:16:43'),
(332, '58200-34j00-000', 15, 3, 3, 10, 0, 0, 0, 'NEW MODEL', '2023-04-30 10:18:13', '2023-04-30 10:18:13'),
(333, '58110-23j00-000', 147, 3, 3, 15, 0, 0, 0, '', '2023-04-30 10:19:20', '2023-04-30 10:19:20'),
(334, '58300-34j01-000', 148, 3, 3, 10, 0, 0, 0, '', '2023-04-30 10:21:55', '2023-04-30 10:21:55'),
(335, '58300-23j00-000', 148, 3, 3, 15, 0, 0, 0, '', '2023-04-30 10:22:20', '2023-04-30 10:22:20'),
(336, '58200-34j00-000', 15, 3, 3, 10, 0, 0, 0, '', '2023-04-30 10:23:35', '2023-04-30 10:23:35'),
(337, '58200-23j00-000', 15, 3, 3, 15, 0, 0, 0, '', '2023-04-30 10:24:18', '2023-04-30 10:24:18'),
(338, '09263-22077-000', 122, 3, 3, 10, 0, 0, 0, 'GIXXER FI ABS 4 PCS BEARING', '2023-04-30 10:26:08', '2023-04-30 10:26:08'),
(339, '61280-41k00-000', 25, 3, 3, 10, 0, 0, 0, 'GIXXER FI ABS SPACER RR SWINGARM PIVOT', '2023-04-30 10:27:25', '2023-04-30 10:27:25'),
(340, '09263-17051-000', 122, 3, 3, 10, 0, 0, 0, '2 PC BEARING', '2023-04-30 10:28:17', '2023-04-30 10:28:17'),
(341, '61251-34j00-000', 25, 3, 3, 10, 0, 0, 0, 'GIXXER OLD MODEL 2 PCS', '2023-04-30 10:28:55', '2023-04-30 10:28:55'),
(342, '61280-34j00-000', 25, 3, 3, 10, 0, 0, 0, 'GIXXER OLD SPACER RR SWINGARM PIVOT', '2023-04-30 10:30:30', '2023-04-30 10:30:30'),
(343, '57621-28g40-000', 43, 3, 3, 15, 0, 0, 0, '', '2023-04-30 10:33:38', '2023-04-30 10:33:38'),
(344, '57421-28g20-000', 149, 3, 3, 15, 0, 0, 0, '', '2023-04-30 10:34:26', '2023-04-30 10:34:26'),
(345, '57421-30h10-000', 149, 3, 3, 10, 0, 0, 0, '', '2023-04-30 10:34:45', '2023-04-30 10:34:45'),
(346, '57110-34j10-000', 150, 3, 3, 10, 0, 0, 0, '', '2023-04-30 10:36:17', '2023-04-30 10:36:17'),
(347, '57211-22d21-291', 151, 3, 3, 10, 0, 0, 0, '', '2023-04-30 10:37:08', '2023-04-30 10:37:08'),
(348, '56111-34j21-000', 125, 3, 3, 10, 0, 0, 0, '', '2023-04-30 10:37:27', '2023-04-30 10:37:27'),
(349, '94210-34j00-000', 152, 3, 3, 15, 0, 0, 0, '', '2023-04-30 10:38:32', '2023-04-30 10:38:32'),
(350, '42310-34j10-000', 67, 3, 3, 10, 0, 0, 0, '', '2023-04-30 10:41:14', '2023-04-30 10:41:14'),
(351, '51111-34j00-000', 22, 3, 3, 10, 0, 0, 0, 'TUBE INNER', '2023-04-30 10:42:08', '2023-04-30 10:42:08'),
(352, 'BK7F83810000', 80, 3, 4, 3, 0, 0, 0, 'windshield smoke color.', '2023-05-01 00:00:27', '2023-05-01 00:00:27'),
(353, '69100-34891-000', 123, 3, 4, 18, 0, 0, 0, 'OLD MODEL', '2023-05-01 00:01:48', '2023-05-01 00:01:48'),
(354, '59101-34820-000', 124, 3, 3, 18, 0, 0, 0, '', '2023-05-01 00:02:11', '2023-05-01 00:02:11'),
(355, '69100-27880-000', 123, 3, 3, 18, 0, 0, 0, 'NEW MODEL', '2023-05-01 00:02:37', '2023-05-01 00:02:37'),
(356, '13780-34800-000', 38, 3, 3, 18, 0, 0, 0, 'GIXXER SF ALL', '2023-05-01 00:03:04', '2023-05-01 00:03:04'),
(357, '64651-35j00-000', 5, 3, 3, 18, 0, 0, 0, 'GIXXER,SF,GSXR', '2023-05-01 00:03:49', '2023-05-01 00:03:49'),
(358, '54400-28840-000', 153, 3, 3, 18, 0, 0, 0, 'GIXXER SD', '2023-05-01 00:05:24', '2023-05-01 00:05:24'),
(359, '54400-23830-000', 154, 3, 3, 15, 0, 0, 0, '', '2023-05-01 00:06:28', '2023-05-01 00:06:28'),
(360, '64651-23J00-000', 5, 3, 3, 15, 0, 0, 0, 'REAR', '2023-05-01 00:06:56', '2023-05-10 05:45:03'),
(361, '09482-00638-000', 40, 3, 3, 18, 0, 0, 0, 'ALL', '2023-05-01 00:07:44', '2023-05-01 00:07:44'),
(362, '16510-33g10-000', 39, 3, 3, 18, 0, 0, 0, 'ALL', '2023-05-01 00:08:07', '2023-05-01 00:08:07'),
(363, 'N9212210', 59, 3, 5, 19, 0, 0, 0, 'BS3', '2023-05-01 00:13:09', '2023-05-01 00:13:09'),
(364, 'N5150460', 59, 3, 5, 20, 0, 0, 0, '', '2023-05-01 00:14:18', '2023-05-01 00:14:18'),
(365, 'N8160480', 50, 3, 5, 21, 0, 0, 0, 'WITH LEAVER.', '2023-05-01 00:22:37', '2023-05-01 00:22:37'),
(366, 'ND160010', 51, 3, 5, 21, 0, 0, 0, '', '2023-05-01 00:23:11', '2023-05-01 00:23:11'),
(367, 'N9060770', 128, 3, 5, 19, 0, 0, 0, '', '2023-05-01 00:25:53', '2023-05-01 00:25:53'),
(368, 'N9161930', 51, 3, 5, 19, 0, 0, 0, '', '2023-05-01 00:26:20', '2023-05-01 00:26:20'),
(369, 'N9162400', 51, 3, 5, 22, 0, 0, 0, '', '2023-05-01 00:27:39', '2023-05-01 00:27:39'),
(370, 'N5160720', 50, 3, 5, 20, 0, 0, 0, '', '2023-05-01 00:28:37', '2023-05-01 00:28:37'),
(371, 'N9161940', 50, 3, 5, 19, 0, 0, 0, '', '2023-05-01 00:29:35', '2023-05-01 00:29:35'),
(372, 'N9163000', 71, 3, 5, 22, 0, 0, 0, 'REGULATOR DIRECT CURRENT', '2023-05-01 00:30:26', '2023-05-01 00:30:26'),
(373, 'N9111800', 107, 3, 5, 19, 0, 0, 0, '', '2023-05-01 00:30:50', '2023-05-01 00:30:50'),
(374, 'N9324570', 146, 3, 5, 19, 0, 0, 0, '', '2023-05-01 00:31:35', '2023-05-01 00:31:35'),
(375, 'N9113110', 146, 3, 5, 22, 0, 0, 0, '', '2023-05-01 00:32:10', '2023-05-01 00:32:10'),
(376, 'N9060880', 128, 3, 5, 22, 0, 0, 0, 'TRANSISTOR CONTROL IGNITION', '2023-05-01 00:33:01', '2023-05-01 00:33:01'),
(377, 'R060070', 71, 3, 5, 19, 0, 0, 0, 'REGULATOR DIRECT CURRENT', '2023-05-01 00:41:11', '2023-05-01 00:41:11'),
(378, 'R10600700', 71, 3, 5, 23, 0, 0, 0, '160,180', '2023-05-01 00:42:39', '2023-05-01 00:42:39'),
(379, 'N9150450', 88, 3, 5, 19, 0, 0, 0, 'ALL', '2023-05-01 00:43:30', '2023-05-01 00:43:30'),
(380, 'R2160100', 89, 3, 5, 19, 0, 0, 0, 'ALL', '2023-05-01 00:44:58', '2023-05-01 00:44:58'),
(381, 'N8010480', 98, 3, 5, 21, 0, 0, 0, 'CAM', '2023-05-01 00:50:40', '2023-05-01 00:50:40'),
(382, 'N9010410', 98, 3, 5, 22, 0, 0, 0, 'CAM', '2023-05-01 00:51:25', '2023-05-01 00:51:25'),
(383, 'M7010800', 98, 3, 5, 19, 0, 0, 0, 'CAM', '2023-05-01 00:53:11', '2023-05-01 00:53:11'),
(384, 'N9010330', 29, 3, 5, 22, 0, 0, 0, '2PC SET', '2023-05-01 00:55:03', '2023-05-01 00:55:03'),
(385, 'N9010320', 29, 3, 5, 22, 0, 0, 0, '2 PC SET', '2023-05-01 00:55:27', '2023-05-01 00:55:27'),
(386, 'M1010620', 30, 3, 5, 19, 0, 0, 0, '', '2023-05-01 00:55:59', '2023-05-01 00:55:59'),
(387, 'M7011370', 34, 3, 5, 24, 0, 0, 0, '', '2023-05-01 01:08:17', '2023-05-01 01:08:17'),
(388, 'N5010470', 34, 3, 5, 19, 0, 0, 0, '', '2023-05-01 01:09:08', '2023-05-01 01:09:08'),
(389, 'N9011310', 34, 3, 5, 22, 0, 0, 0, '', '2023-05-01 01:09:26', '2023-05-01 01:09:26'),
(390, 'N9323810', 29, 3, 5, 19, 0, 0, 0, '160 180 ALL', '2023-05-01 01:10:08', '2023-05-01 01:10:08'),
(391, 'N8325230', 29, 3, 5, 21, 0, 0, 0, '', '2023-05-01 01:10:36', '2023-05-01 01:10:36'),
(392, 'R1011000', 32, 3, 5, 19, 0, 0, 0, '2 PC SET', '2023-05-01 01:11:08', '2023-05-01 01:11:08'),
(393, 'M7010910', 155, 3, 5, 19, 0, 0, 0, '', '2023-05-01 01:13:23', '2023-05-01 01:13:23'),
(394, 'M1010200', 35, 3, 5, 19, 0, 0, 0, 'CAMSHAFT CHAIN', '2023-05-01 01:14:44', '2023-05-01 01:14:44'),
(395, 'N5010790', 35, 3, 5, 21, 0, 0, 0, 'CAM CHAIN 88 LINK', '2023-05-01 01:15:22', '2023-05-01 01:15:22'),
(396, 'N8325660', 33, 3, 5, 21, 0, 0, 0, 'TENSION-ER GUIDE CHAIN', '2023-05-01 01:16:22', '2023-05-01 01:16:22'),
(397, 'N9324370', 33, 3, 5, 19, 0, 0, 0, '', '2023-05-01 01:16:44', '2023-05-01 01:16:44'),
(398, 'N9011570', 35, 3, 5, 22, 0, 0, 0, '94LIGNE NEW MODEL', '2023-05-01 09:03:11', '2023-05-01 09:03:11'),
(399, 'M7321890', 8, 3, 5, 22, 0, 0, 0, '', '2023-05-02 08:00:20', '2023-05-02 08:00:20'),
(400, 'N2320640', 8, 3, 5, 21, 0, 0, 0, '', '2023-05-02 08:00:46', '2023-05-02 08:00:46'),
(401, 'N5322240', 8, 3, 5, 24, 0, 0, 0, 'METRO PLUS AND PHONIX', '2023-05-02 08:01:26', '2023-05-02 08:01:26'),
(402, 'N5322250', 94, 3, 5, 24, 0, 0, 0, 'METRO PLUS AND PHONIX', '2023-05-02 08:02:35', '2023-05-02 08:02:35'),
(403, 'NF320360', 68, 3, 5, 22, 0, 0, 0, 'NEW MODEL', '2023-05-02 08:07:15', '2023-05-02 08:07:15'),
(404, 'N9101820', 68, 3, 5, 22, 0, 0, 0, 'OLD MODEL', '2023-05-02 08:09:58', '2023-05-02 08:09:58'),
(405, 'N3102420', 68, 3, 5, 19, 0, 0, 0, '', '2023-05-02 08:10:42', '2023-05-02 08:10:42'),
(406, 'N9324460', 69, 3, 5, 19, 0, 0, 0, '', '2023-05-02 08:12:08', '2023-05-02 08:12:08'),
(407, 'N4060080', 70, 3, 5, 24, 0, 0, 0, 'METRO PLUS PHONIX', '2023-05-02 08:15:09', '2023-05-02 08:15:09'),
(408, 'M1060060', 70, 3, 5, 23, 0, 0, 0, 'RTR160', '2023-05-02 08:16:03', '2023-05-02 08:16:03'),
(409, 'N9322450', 72, 3, 5, 23, 0, 0, 0, 'RTR160', '2023-05-02 08:17:20', '2023-05-02 08:17:20'),
(410, 'N5040810', 85, 3, 5, 20, 0, 0, 0, 'PHONIX', '2023-05-02 08:21:17', '2023-05-02 08:21:17'),
(411, 'N9041380N', 85, 3, 5, 23, 0, 0, 0, '160CC', '2023-05-02 08:22:01', '2023-05-02 08:22:01'),
(412, 'N9112060', 135, 3, 5, 23, 0, 0, 0, '160', '2023-05-02 08:25:38', '2023-05-02 08:25:38'),
(413, 'N9111930', 136, 3, 5, 19, 0, 0, 0, '', '2023-05-02 08:26:19', '2023-05-02 08:26:19'),
(414, 'N9225730', 56, 3, 5, 22, 0, 0, 0, '160', '2023-05-02 08:27:14', '2023-05-02 08:27:14'),
(415, 'N9161700', 96, 3, 5, 23, 0, 0, 0, '160 BS3', '2023-05-02 09:35:58', '2023-05-02 09:35:58'),
(416, 'N9162200', 96, 3, 5, 22, 0, 0, 0, '', '2023-05-02 09:36:20', '2023-05-02 09:36:20'),
(417, 'N9161080', 56, 3, 5, 19, 0, 0, 0, 'RED', '2023-05-02 09:37:55', '2023-05-02 09:37:55'),
(418, 'NF321190', 155, 3, 5, 22, 0, 0, 0, '', '2023-05-02 09:38:23', '2023-05-02 09:38:23'),
(419, 'N5322130', 155, 3, 5, 24, 0, 0, 0, 'PHONIX', '2023-05-02 09:39:03', '2023-05-02 09:39:03'),
(420, 'N9111890', 73, 3, 5, 19, 0, 0, 0, '', '2023-05-02 09:40:31', '2023-05-02 09:40:31'),
(421, 'N5111510', 73, 3, 5, 20, 0, 0, 0, '', '2023-05-02 09:41:17', '2023-05-02 09:41:17'),
(422, 'BK7H19400000', 89, 3, 4, 3, 0, 0, 0, '', '2023-05-05 23:56:39', '2023-05-05 23:56:39'),
(423, '21CE49014000', 85, 3, 4, 6, 0, 0, 0, 'FZ V1 DOUBLE CABLE', '2023-05-06 00:04:47', '2023-05-06 00:04:47'),
(424, 'B9DF33400000', 115, 3, 4, 11, 0, 0, 0, 'FORK TEE', '2023-05-06 00:06:06', '2023-05-06 00:06:06'),
(425, '59100-34J00-000', 136, 3, 3, 18, 0, 0, 0, 'GIXXER OLD', '2023-05-06 00:06:33', '2023-05-06 00:06:33'),
(426, 'BK7E81100000', 41, 3, 4, 3, 0, 0, 0, '', '2023-05-06 00:07:18', '2023-05-06 00:07:18'),
(427, 'BK7F72110000', 156, 3, 4, 3, 0, 0, 0, '', '2023-05-06 00:08:30', '2023-05-06 00:08:30'),
(428, '69600-34J00-000', 64, 3, 3, 18, 0, 0, 0, 'GIXXER FI REAR MASTER CYLINDER', '2023-05-06 00:09:22', '2023-05-06 00:09:22'),
(429, '23271-27K10-000', 143, 3, 3, 18, 0, 0, 0, '', '2023-05-06 00:10:49', '2023-05-06 00:10:49'),
(430, '42100-34J10-000', 66, 3, 3, 18, 0, 0, 0, '', '2023-05-06 00:11:19', '2023-05-06 00:11:19'),
(431, 'R1060110', 83, 3, 5, 23, 0, 0, 0, '160 CC MEGNET SIDE', '2023-05-06 00:12:43', '2023-05-06 00:12:43'),
(432, 'NF223230', 58, 3, 5, 22, 0, 0, 0, 'FRONT RIGHT SIDE INDICATOR', '2023-05-06 00:13:37', '2023-05-06 00:13:37'),
(433, 'N8222210', 57, 3, 5, 24, 0, 0, 0, 'REAR LEFT SIDE PHONIX', '2023-05-06 00:14:28', '2023-05-06 00:14:28'),
(434, 'N8222220', 57, 3, 5, 24, 0, 0, 0, 'REAR RIGHT PHONIX', '2023-05-06 00:15:10', '2023-05-06 00:15:10'),
(435, 'N9225740', 58, 3, 5, 22, 0, 0, 0, 'FRONT LEFT', '2023-05-06 00:17:43', '2023-05-06 00:17:43'),
(436, 'N9225750', 58, 3, 5, 22, 0, 0, 0, 'FRONT RIGHT', '2023-05-06 00:19:24', '2023-05-06 00:19:24'),
(437, 'N9161380', 57, 3, 5, 23, 0, 0, 0, 'REAR LEFT 160CC', '2023-05-06 00:19:56', '2023-05-06 00:19:56'),
(438, 'N9161390', 57, 3, 5, 23, 0, 0, 0, 'REAR RIGHT 160CC', '2023-05-06 00:20:32', '2023-05-06 00:20:32'),
(439, 'N9123930', 138, 3, 5, 22, 0, 0, 0, '', '2023-05-06 00:21:42', '2023-05-06 00:21:42'),
(440, 'M7081650', 41, 3, 5, 22, 0, 0, 0, '', '2023-05-06 00:22:29', '2023-05-06 00:22:29'),
(441, 'N9220240', 80, 3, 5, 19, 0, 0, 0, 'OLD MODEL', '2023-05-06 00:23:08', '2023-05-06 00:23:08'),
(442, 'N9011600', 109, 3, 5, 22, 0, 0, 0, 'TENSIONER CAMCHAIN3X4LACING', '2023-05-06 00:25:05', '2023-05-06 00:25:05'),
(443, 'N9011590', 110, 3, 5, 22, 0, 0, 0, 'GUIDE CAMCHAIN 3X4LACING', '2023-05-06 00:25:51', '2023-05-06 00:25:51'),
(444, 'N9111340', 74, 3, 5, 22, 0, 0, 0, 'ALL RTR', '2023-05-06 00:26:30', '2023-05-06 00:26:30'),
(445, 'N8324820', 121, 3, 5, 24, 0, 0, 0, '', '2023-05-06 00:28:19', '2023-05-06 00:28:19'),
(446, 'N9326260', 121, 3, 5, 22, 0, 0, 0, '', '2023-05-06 00:28:46', '2023-05-06 00:28:46'),
(447, 'N9322710', 121, 3, 5, 19, 0, 0, 0, '', '2023-05-06 00:29:35', '2023-05-06 00:29:35'),
(448, 'N53222220', 121, 3, 5, 20, 0, 0, 0, 'PHONIX', '2023-05-06 00:30:28', '2023-05-06 00:30:28'),
(449, 'N3220640', 118, 3, 5, 24, 0, 0, 0, 'STRYKER/PHONIX', '2023-05-06 00:31:57', '2023-05-06 00:31:57'),
(450, 'N3220630', 117, 3, 5, 24, 0, 0, 0, 'STRYKER/PHONIX', '2023-05-06 00:32:29', '2023-05-06 00:32:29'),
(451, 'N9324190', 125, 3, 5, 23, 0, 0, 0, '180CC', '2023-05-06 00:33:57', '2023-05-06 00:33:57'),
(452, 'N9091760', 21, 3, 5, 19, 0, 0, 0, 'RIGHT SIDE BLACK', '2023-05-06 00:35:06', '2023-05-06 00:35:06'),
(453, 'N9091770', 21, 3, 5, 19, 0, 0, 0, 'LEFT SIDE BLACK', '2023-05-06 00:35:54', '2023-05-06 00:35:54'),
(454, 'N9111140', 64, 3, 5, 21, 0, 0, 0, 'FRONT', '2023-05-06 00:36:49', '2023-05-06 00:36:49'),
(455, '0206019', 36, 3, 5, 20, 0, 0, 0, 'METRO', '2023-05-06 00:38:34', '2023-05-06 00:38:34'),
(456, 'N9221450', 117, 3, 5, 19, 0, 0, 0, '', '2023-05-06 00:39:01', '2023-05-06 00:39:01'),
(457, 'N9221460', 118, 3, 5, 19, 0, 0, 0, '', '2023-05-06 00:39:18', '2023-05-06 00:39:18'),
(458, 'N5170120', 148, 3, 5, 24, 0, 0, 0, 'PHONIX THROTTLE', '2023-05-06 00:52:20', '2023-05-06 00:52:20'),
(459, 'N9170240', 18, 3, 5, 23, 0, 0, 0, '160CC', '2023-05-06 00:53:08', '2023-05-06 00:53:08'),
(460, 'N9170230', 148, 3, 5, 23, 0, 0, 0, 'THROTTLE 160CC', '2023-05-06 00:54:14', '2023-05-06 00:54:14'),
(461, 'N9170350', 148, 3, 5, 22, 0, 0, 0, '', '2023-05-06 00:55:57', '2023-05-06 00:55:57'),
(462, 'N8170050', 148, 3, 5, 21, 0, 0, 0, '', '2023-05-06 00:56:42', '2023-05-06 00:56:42'),
(463, 'N8170320', 146, 3, 5, 21, 0, 0, 0, '', '2023-05-06 00:57:34', '2023-05-06 00:57:34'),
(464, 'N5170020', 147, 3, 5, 21, 0, 0, 0, '', '2023-05-06 00:58:25', '2023-05-06 00:58:25'),
(465, 'N8170200', 148, 3, 5, 21, 0, 0, 0, '', '2023-05-06 00:58:45', '2023-05-06 00:58:45'),
(466, 'N9170340', 148, 3, 5, 23, 0, 0, 0, '150-180CC', '2023-05-06 00:59:45', '2023-05-06 00:59:45'),
(467, 'N8170190', 15, 3, 5, 21, 0, 0, 0, '', '2023-05-06 01:05:44', '2023-05-06 01:05:44'),
(468, 'N5170140', 15, 3, 5, 20, 0, 0, 0, 'METRO PLUS/PHONIX', '2023-05-06 01:06:48', '2023-05-06 01:06:48'),
(469, 'N9170250', 15, 3, 5, 23, 0, 0, 0, '160-180CC', '2023-05-06 01:07:33', '2023-05-06 01:07:33'),
(470, 'N9070280', 15, 3, 5, 22, 0, 0, 0, '', '2023-05-06 01:08:21', '2023-05-06 01:08:21'),
(471, 'N9322020', 149, 3, 5, 23, 0, 0, 0, '160CC', '2023-05-06 01:15:13', '2023-05-06 01:15:13'),
(472, 'N91505203C', 43, 3, 5, 23, 0, 0, 0, '160CC', '2023-05-06 01:16:43', '2023-05-06 01:16:43'),
(473, 'N9221170', 150, 3, 5, 22, 0, 0, 0, '', '2023-05-06 01:17:53', '2023-05-06 01:17:53'),
(474, 'N3090670', 25, 3, 5, 19, 0, 0, 0, '150-160CC', '2023-05-06 08:19:48', '2023-05-06 08:19:48'),
(475, 'K6320591', 25, 3, 5, 19, 0, 0, 0, 'NEW', '2023-05-06 08:21:10', '2023-05-06 08:21:10'),
(476, 'N9060280', 92, 3, 5, 22, 0, 0, 0, 'APACHE RTR ALL', '2023-05-06 08:22:00', '2023-05-06 08:22:00'),
(477, 'N9321490', 65, 3, 5, 19, 0, 0, 0, '', '2023-05-06 08:23:17', '2023-05-06 08:23:17'),
(478, 'N9011520', 53, 3, 5, 22, 0, 0, 0, 'BLACK', '2023-05-06 08:23:58', '2023-05-06 08:23:58'),
(479, 'N4320300', 47, 3, 5, 24, 0, 0, 0, 'PHONIX', '2023-05-06 08:27:05', '2023-05-06 08:27:05'),
(480, 'N8320070', 47, 3, 5, 19, 0, 0, 0, '', '2023-05-06 08:27:34', '2023-05-06 08:27:34'),
(481, 'N9325190', 47, 3, 5, 22, 0, 0, 0, '160-200CC', '2023-05-06 08:29:17', '2023-05-06 08:29:17'),
(482, 'N9101880', 115, 3, 5, 22, 0, 0, 0, 'FORK TEE', '2023-05-06 08:30:55', '2023-05-06 08:30:55'),
(483, 'N9322140', 115, 3, 5, 19, 0, 0, 0, 'FORK TEE', '2023-05-06 08:31:22', '2023-05-06 08:31:22'),
(484, 'N8320080', 67, 3, 5, 21, 0, 0, 0, 'STRYKER/METRO PLUS/PHONIX', '2023-05-06 08:33:36', '2023-05-06 08:33:36'),
(485, 'N9321940', 67, 3, 5, 19, 0, 0, 0, '', '2023-05-06 08:51:05', '2023-05-06 08:51:05'),
(486, 'N8120930', 66, 3, 5, 24, 0, 0, 0, 'PHONIX/METRO/STRYKER', '2023-05-06 08:52:36', '2023-05-06 08:52:36'),
(487, 'N9151950', 125, 3, 5, 22, 0, 0, 0, '', '2023-05-06 08:54:01', '2023-05-06 08:54:01'),
(488, 'N9101090', 22, 3, 5, 19, 0, 0, 0, '160-180CC', '2023-05-06 08:56:37', '2023-05-06 08:56:37'),
(489, 'N9101790', 22, 3, 5, 22, 0, 0, 0, '', '2023-05-06 08:56:59', '2023-05-06 08:56:59'),
(490, 'M7070060', 105, 3, 5, 23, 0, 0, 0, '150,160,180CC', '2023-05-06 08:59:59', '2023-05-06 08:59:59'),
(491, 'N2070200', 106, 3, 5, 23, 0, 0, 0, '150,160,180CC', '2023-05-06 09:00:48', '2023-05-06 09:00:48');
INSERT INTO `details_infos` (`id`, `bar_code`, `product_id`, `category_id`, `brand_id`, `model_id`, `tag_id`, `color_id`, `size_id`, `description`, `created_at`, `updated_at`) VALUES
(492, 'N5070360', 105, 3, 5, 24, 0, 0, 0, 'PHONIX', '2023-05-06 09:04:41', '2023-05-06 09:04:41'),
(493, 'N5070390', 106, 3, 5, 24, 0, 0, 0, 'PHONIX', '2023-05-06 09:05:09', '2023-05-06 09:05:09'),
(494, 'N2180040', 40, 3, 5, 21, 0, 0, 0, 'SHORT THREAD', '2023-05-06 09:11:50', '2023-05-06 09:11:50'),
(495, 'G4011180', 40, 3, 5, 23, 0, 0, 0, '160-180CC', '2023-05-06 09:13:28', '2023-05-06 09:13:28'),
(496, 'K6320590', 153, 3, 5, 23, 0, 0, 0, '160CC', '2023-05-06 09:15:10', '2023-05-06 09:15:10'),
(497, 'N9041910', 38, 3, 5, 22, 0, 0, 0, '', '2023-05-06 09:15:30', '2023-05-06 09:15:30'),
(498, 'NF040510', 38, 3, 5, 19, 0, 0, 0, '', '2023-05-06 09:15:55', '2023-05-06 09:15:55'),
(499, 'N9111300', 124, 3, 5, 22, 0, 0, 0, 'APACHE RTR ALL', '2023-05-06 09:16:42', '2023-05-06 09:16:42'),
(500, 'N9322240', 123, 3, 5, 22, 0, 0, 0, 'APACHE RTR ALL', '2023-05-06 09:17:14', '2023-05-06 09:17:14'),
(501, 'N9114060', 5, 3, 5, 22, 0, 0, 0, 'APACHE ALL', '2023-05-06 09:18:21', '2023-05-06 09:18:21'),
(502, 'N2110360', 5, 3, 5, 21, 0, 0, 0, '', '2023-05-06 09:18:48', '2023-05-06 09:18:48'),
(503, 'R3040130CN', 38, 3, 5, 24, 0, 0, 0, 'PHONIX', '2023-05-06 09:19:52', '2023-05-06 09:19:52'),
(504, 'N3321480', 38, 3, 5, 21, 0, 0, 0, 'AIR FILTER', '2023-05-06 09:20:22', '2023-05-06 09:20:22'),
(505, 'N9321790', 38, 3, 5, 19, 0, 0, 0, 'AIR FILTER FOAM', '2023-05-06 09:22:54', '2023-05-06 09:22:54'),
(506, '20PE445000', 38, 3, 4, 8, 0, 0, 0, '', '2023-05-06 09:23:37', '2023-05-06 09:23:37'),
(507, '30500K21901', 128, 3, 6, 25, 0, 0, 0, 'COIL ASSY IGNITION', '2023-05-06 09:33:52', '2023-05-06 09:33:52'),
(508, '30500K14901', 128, 3, 6, 28, 0, 0, 0, 'COIL ASSY IGNITION', '2023-05-06 09:34:29', '2023-05-06 09:34:29'),
(509, '30500K38901', 128, 3, 6, 27, 0, 0, 0, 'HORNET ALL COIL ASSY IGNITION', '2023-05-06 09:35:09', '2023-05-06 09:35:09'),
(510, '05030KSP860', 47, 3, 6, 27, 0, 0, 0, '', '2023-05-10 08:43:38', '2023-05-10 08:43:38'),
(511, '25K170S', 47, 3, 7, 29, 0, 0, 0, '', '2023-05-10 08:44:51', '2023-05-10 08:44:51'),
(512, '25K160S', 47, 3, 7, 36, 0, 0, 0, '', '2023-05-10 08:50:27', '2023-05-10 08:50:27'),
(513, '52141K21900', 25, 3, 6, 37, 0, 0, 0, '2 PCS SET WITH BEARING', '2023-05-10 08:51:38', '2023-05-11 08:31:52'),
(514, '91071KVN900S', 122, 3, 7, 29, 0, 0, 0, '', '2023-05-10 08:55:21', '2023-05-10 08:55:21'),
(515, '52143KVE900S', 25, 3, 7, 29, 0, 0, 0, '', '2023-05-10 09:04:44', '2023-05-10 09:04:44'),
(516, '09107K0EA9O', 25, 3, 6, 27, 0, 0, 0, '', '2023-05-10 09:06:11', '2023-05-11 08:32:51'),
(517, '31600KVE901S', 71, 3, 7, 29, 0, 0, 0, '', '2023-05-11 08:26:27', '2023-05-11 08:26:27'),
(518, '3340AKVN901S', 58, 3, 7, 29, 0, 0, 0, 'RIGHT SIDE', '2023-05-11 08:34:32', '2023-05-11 08:34:32'),
(519, '3345AKVN900S', 58, 3, 7, 29, 0, 0, 0, 'LEFT', '2023-05-11 08:35:10', '2023-05-11 08:35:10'),
(520, '45510KCC841S', 64, 3, 7, 29, 0, 0, 0, 'FRONT', '2023-05-11 08:35:45', '2023-05-11 08:35:45'),
(521, '45510KSP901', 64, 3, 6, 38, 0, 0, 0, 'ALL HONDA MODEL', '2023-05-11 08:37:41', '2023-05-11 08:37:41'),
(522, '45610KSPB51', 64, 3, 6, 28, 0, 0, 0, 'HONDA ALL MODEL', '2023-05-11 08:38:26', '2023-05-11 08:38:26'),
(523, '33600K21901', 57, 3, 6, 27, 0, 0, 0, 'RIGHT', '2023-05-11 08:39:35', '2023-05-11 08:39:35'),
(524, '33650K43901', 57, 3, 6, 27, 0, 0, 0, 'LEFT', '2023-05-11 08:46:12', '2023-05-11 08:46:12'),
(525, '37100K43902', 95, 3, 6, 27, 0, 0, 0, '', '2023-05-11 08:46:51', '2023-05-11 08:46:51'),
(526, '%1210KSPB00', 155, 3, 6, 25, 0, 0, 0, '', '2023-05-11 08:47:49', '2023-05-11 08:47:49'),
(527, '01210-K38-900', 155, 3, 6, 27, 0, 0, 0, '', '2023-05-11 08:48:24', '2023-05-11 08:48:24'),
(528, '21K200S', 155, 3, 7, 30, 0, 0, 0, '', '2023-05-11 08:48:54', '2023-05-11 08:48:54'),
(529, '21K180S', 28, 3, 7, 29, 0, 0, 0, '', '2023-05-11 08:49:24', '2023-05-11 08:49:24'),
(530, '22120KRM840S', 105, 3, 7, 29, 0, 0, 0, 'GLAMOUR NEW MODEL', '2023-05-11 08:50:12', '2023-05-11 09:04:25'),
(531, '22355KRM840S', 106, 3, 7, 29, 0, 0, 0, 'GLAMOUR NEW MODEL', '2023-05-11 08:50:46', '2023-05-11 09:04:54'),
(532, '22120KWS901', 105, 3, 6, 28, 0, 0, 0, '', '2023-05-11 08:53:05', '2023-05-11 08:53:05'),
(533, '22355-KWS-901', 106, 3, 6, 28, 0, 0, 0, '', '2023-05-11 08:54:28', '2023-05-11 08:54:28'),
(534, '22120KVSJ01', 105, 3, 6, 27, 0, 0, 0, '', '2023-05-11 08:57:50', '2023-05-11 08:57:50'),
(535, '35200KVN971S', 51, 3, 7, 29, 0, 0, 0, '', '2023-05-11 09:12:33', '2023-05-11 09:12:33'),
(536, '35200K67931', 51, 3, 6, 38, 0, 0, 0, 'WINKER', '2023-05-11 09:25:57', '2023-05-11 09:25:57'),
(537, '35150-K43-D01', 50, 3, 6, 27, 0, 0, 0, '', '2023-05-11 09:26:38', '2023-05-11 09:26:38'),
(538, '35150K38901', 50, 3, 6, 38, 0, 0, 0, '', '2023-05-11 09:27:01', '2023-05-11 09:27:01'),
(539, '53171K14900', 88, 3, 6, 28, 0, 0, 0, '', '2023-05-11 09:27:33', '2023-05-11 09:27:33'),
(540, '35850K38901', 75, 3, 6, 25, 0, 0, 0, 'HORNET, X BLADE', '2023-05-11 09:28:56', '2023-05-11 09:28:56'),
(541, '35150K14921', 50, 3, 6, 28, 0, 0, 0, '', '2023-05-11 09:30:04', '2023-05-11 09:30:04'),
(542, '35200K43901', 51, 3, 6, 27, 0, 0, 0, '', '2023-05-11 09:30:45', '2023-05-11 09:30:45'),
(543, '35850KR3870S', 75, 3, 7, 29, 0, 0, 0, 'GLAMOUR', '2023-05-11 09:34:45', '2023-05-11 09:34:45'),
(544, '35150KVN971S', 50, 3, 7, 29, 0, 0, 0, '', '2023-05-11 09:36:08', '2023-05-11 09:36:08'),
(545, '14430KSP910S', 104, 3, 7, 29, 0, 0, 0, '', '2023-05-20 01:00:22', '2023-05-20 01:00:22'),
(546, '14401K43901', 35, 3, 6, 27, 0, 0, 0, '', '2023-05-20 01:03:21', '2023-05-20 01:03:21'),
(547, '14401KTC900S', 35, 3, 7, 36, 0, 0, 0, 'GLAMOUR', '2023-05-20 01:05:15', '2023-05-20 01:05:15'),
(548, '14401KCW851S', 35, 3, 7, 29, 0, 0, 0, '', '2023-05-20 01:05:48', '2023-05-20 01:05:48'),
(549, '14401KWS901', 35, 3, 6, 28, 0, 0, 0, 'CB SHINE', '2023-05-20 01:08:02', '2023-05-20 01:08:02'),
(550, '01443KSP860', 104, 3, 6, 25, 0, 0, 0, '', '2023-05-20 01:08:56', '2023-05-20 01:08:56'),
(551, '01443K43900', 104, 3, 6, 27, 0, 0, 0, '160-2 PC SET', '2023-05-20 01:11:07', '2023-05-20 01:11:07'),
(552, '01471KSP900', 112, 3, 6, 25, 0, 0, 0, '', '2023-05-20 01:12:10', '2023-05-20 01:12:10'),
(553, '24K150LS', 112, 3, 7, 36, 0, 0, 0, 'GLAMOUR', '2023-05-20 01:13:27', '2023-05-20 01:13:27'),
(554, '01471K14900', 112, 3, 6, 28, 0, 0, 0, '', '2023-05-20 01:14:06', '2023-05-20 01:14:06'),
(555, '24K160S', 112, 3, 7, 36, 0, 0, 0, 'GLAMOUR', '2023-05-20 01:14:36', '2023-05-20 01:14:36'),
(556, '14401-KPP-T01', 35, 3, 6, 31, 0, 0, 0, '', '2023-05-20 01:16:50', '2023-05-20 01:16:50'),
(557, '14520K38901', 34, 3, 6, 27, 0, 0, 0, '', '2023-05-20 01:17:34', '2023-05-20 01:17:34'),
(558, '24K170S', 112, 3, 7, 29, 0, 0, 0, '', '2023-05-20 01:17:59', '2023-05-20 01:17:59'),
(559, '01471K38900', 112, 3, 6, 27, 0, 0, 0, '', '2023-05-20 01:18:37', '2023-05-20 01:18:37'),
(560, '14610KSP910S', 110, 3, 7, 29, 0, 0, 0, '', '2023-05-20 01:19:40', '2023-05-20 01:19:40'),
(561, '14510KSP911S', 109, 3, 7, 29, 0, 0, 0, '', '2023-05-20 01:20:08', '2023-05-20 01:20:08'),
(562, '14610KPH900S', 110, 3, 7, 36, 0, 0, 0, 'GLAMOUR', '2023-05-20 01:20:42', '2023-05-20 01:20:42'),
(563, '14510KTC901S', 109, 3, 7, 36, 0, 0, 0, 'GLAMOUR', '2023-05-20 01:21:14', '2023-05-20 01:21:14'),
(564, '01451-K43-900', 33, 3, 6, 27, 0, 0, 0, 'FULL SET', '2023-05-20 01:22:41', '2023-05-20 01:22:41'),
(565, '14610KSP910', 110, 3, 6, 25, 0, 0, 0, '', '2023-05-20 01:23:15', '2023-05-20 01:23:15'),
(566, '14510KSP911', 109, 3, 6, 25, 0, 0, 0, '', '2023-05-20 01:23:32', '2023-05-20 01:23:32'),
(567, '14100KTC900S', 98, 3, 7, 36, 0, 0, 0, 'GLAMOUR', '2023-05-20 01:25:52', '2023-05-20 01:25:52'),
(568, '14100KVE900S', 98, 3, 7, 29, 0, 0, 0, '', '2023-05-20 01:26:18', '2023-05-20 01:26:18'),
(569, '14100KSP911', 98, 3, 6, 25, 0, 0, 0, '', '2023-05-20 01:26:58', '2023-05-20 01:26:58'),
(570, '14100K38900', 98, 3, 6, 27, 0, 0, 0, '', '2023-05-20 01:27:26', '2023-05-20 01:27:26'),
(571, '14520AABA0099S', 34, 3, 7, 30, 0, 0, 0, 'SPLENDOR', '2023-05-20 01:28:34', '2023-05-20 01:28:34'),
(572, '02220KREG01', 8, 3, 6, 27, 0, 0, 0, '5 PCS SET', '2023-05-20 01:33:14', '2023-05-20 01:33:14'),
(573, '22321KPS900', 94, 3, 6, 27, 0, 0, 0, 'ALL MODEL 4 PCS SET', '2023-05-20 01:33:52', '2023-05-20 01:33:52'),
(574, '22201GF6000S', 8, 3, 7, 36, 0, 0, 0, '', '2023-05-20 01:38:02', '2023-05-20 01:38:02'),
(575, 'K22222KTNA900S', 8, 3, 7, 29, 0, 0, 0, '', '2023-05-20 01:40:14', '2023-05-20 01:40:14'),
(576, '02380K0EA00', 121, 3, 6, 37, 0, 0, 0, '', '2023-05-20 01:45:12', '2023-05-20 01:45:12'),
(577, '02380-K21-900', 121, 3, 6, 25, 0, 0, 0, '', '2023-05-20 01:45:35', '2023-05-20 01:45:35'),
(578, '02380-KPP-900', 121, 3, 6, 31, 0, 0, 0, '', '2023-05-20 01:45:55', '2023-05-20 01:45:55'),
(579, '02380-K23-900', 121, 3, 6, 39, 0, 0, 0, '', '2023-05-20 01:48:05', '2023-05-20 01:48:05'),
(580, '02380-K14-910', 121, 3, 6, 28, 0, 0, 0, '', '2023-05-20 01:48:27', '2023-05-20 01:48:27'),
(581, '02380-K43-D00', 121, 3, 6, 27, 0, 0, 0, '', '2023-05-20 01:48:50', '2023-05-20 01:48:50'),
(582, '20K1010S', 121, 3, 7, 29, 0, 0, 0, '', '2023-05-20 01:49:12', '2023-05-20 01:49:12'),
(583, '20K810S', 121, 3, 7, 36, 0, 0, 0, 'GLAMOUR', '2023-05-20 01:49:37', '2023-05-20 01:49:37'),
(584, 'K41412AAJAH02S', 121, 3, 7, 40, 0, 0, 0, '', '2023-05-20 01:51:13', '2023-05-20 01:51:13'),
(585, '43251KVN971ZS', 74, 3, 7, 29, 0, 0, 0, '', '2023-05-20 02:20:13', '2023-05-20 02:20:13'),
(586, '45251KVE901S', 73, 3, 7, 29, 0, 0, 0, '', '2023-05-20 02:21:26', '2023-05-20 02:21:26'),
(587, '43251KSPB01ZA', 74, 3, 6, 25, 0, 0, 0, '', '2023-05-20 02:22:08', '2023-05-20 02:22:08'),
(588, '45251-K21-921', 73, 3, 6, 25, 0, 0, 0, '', '2023-05-20 02:22:36', '2023-05-20 02:22:36'),
(589, '45251-K43-901', 73, 3, 6, 27, 0, 0, 0, '', '2023-05-20 02:23:00', '2023-05-20 02:23:00'),
(590, '43251-K43-911', 74, 3, 6, 27, 0, 0, 0, '', '2023-05-20 02:23:24', '2023-05-20 02:23:24'),
(591, '31200KSP901S', 70, 3, 7, 29, 0, 0, 0, '', '2023-05-20 02:26:50', '2023-05-20 02:26:50'),
(592, '38502KSP910S', 89, 3, 7, 29, 0, 0, 0, 'RELAY COMP POWER', '2023-05-20 06:31:43', '2023-05-20 06:31:43'),
(593, '31200KTC921S', 70, 3, 7, 36, 0, 0, 0, 'GLAMOUR', '2023-05-20 06:32:44', '2023-05-20 06:32:44'),
(594, '35850-K38-901', 89, 3, 6, 27, 0, 0, 0, '', '2023-05-20 06:33:55', '2023-05-20 06:33:55'),
(595, '35010K14900', 59, 3, 6, 28, 0, 0, 0, 'FULL SET', '2023-05-20 06:50:24', '2023-05-20 06:50:24'),
(596, '31210K55601', 70, 3, 6, 28, 0, 0, 0, '', '2023-05-20 06:51:39', '2023-05-20 06:51:39'),
(597, '31200-K38-901', 70, 3, 6, 27, 0, 0, 0, '', '2023-05-20 06:53:08', '2023-05-20 06:53:08'),
(598, '35010-K43-D00', 59, 3, 6, 27, 0, 0, 0, '', '2023-05-20 06:54:18', '2023-05-20 06:54:18'),
(599, '31600-KSP-861', 71, 3, 6, 27, 0, 0, 0, '', '2023-05-20 06:58:50', '2023-05-20 06:58:50'),
(600, '35010K21900', 59, 3, 6, 25, 0, 0, 0, '', '2023-05-20 06:59:54', '2023-05-20 06:59:54'),
(601, '44800KVN971S', 107, 3, 7, 29, 0, 0, 0, '', '2023-05-20 07:01:57', '2023-05-20 07:01:57'),
(602, '52400-K43-901', 21, 3, 6, 27, 0, 0, 0, 'REAR MONOSHOCK', '2023-05-20 07:07:05', '2023-05-20 07:07:05'),
(603, '52400KSP861', 21, 3, 6, 25, 0, 0, 0, 'REAR MONOSHOCK', '2023-05-20 07:08:44', '2023-05-20 07:08:44'),
(604, '52400KVE861S', 21, 3, 7, 29, 0, 0, 0, 'REAR 2 PCS SET', '2023-05-20 07:09:34', '2023-05-20 07:09:34'),
(605, '12391KRM840S', 53, 3, 7, 29, 0, 0, 0, '', '2023-05-20 07:12:58', '2023-05-20 07:12:58'),
(606, '31201KPW901', 79, 3, 6, 27, 0, 0, 0, 'ALL', '2023-05-20 07:18:07', '2023-05-20 07:18:07'),
(607, '31201KPTA01S', 79, 3, 7, 29, 0, 0, 0, '', '2023-05-20 07:22:35', '2023-05-20 07:22:35'),
(608, '45530471831', 65, 3, 6, 27, 0, 0, 0, 'METAL BODY ALL MODEL', '2023-05-20 07:27:38', '2023-05-20 07:27:38'),
(609, '45530KCC841S', 65, 3, 7, 29, 0, 0, 0, '', '2023-05-20 07:28:28', '2023-05-20 07:28:28'),
(610, '45530KCC841', 65, 3, 6, 27, 0, 0, 0, 'RUBBER BODY', '2023-05-20 07:30:14', '2023-05-20 07:30:14'),
(611, '12391-KRM-840', 53, 3, 6, 27, 0, 0, 0, 'THICK RUBBER ALL MODEL', '2023-05-20 07:32:44', '2023-05-20 07:32:44'),
(612, '12391K38900', 53, 3, 6, 27, 0, 0, 0, 'THIN RUBBER', '2023-05-20 07:33:21', '2023-05-20 07:33:21'),
(613, '88220-K38-901ZC', 116, 3, 6, 27, 0, 0, 0, '2 PCS SET', '2023-05-20 07:36:55', '2023-05-20 07:36:55'),
(614, '88220-KWS-902', 116, 3, 6, 28, 0, 0, 0, '', '2023-05-20 07:37:16', '2023-05-20 07:37:16'),
(615, '22201K55602', 8, 3, 6, 28, 0, 0, 0, '4 PCS SET', '2023-05-20 07:40:37', '2023-05-20 07:40:37'),
(616, '22321KWB601', 94, 3, 6, 28, 0, 0, 0, '3 PCS SET CB SHINE', '2023-05-20 07:41:35', '2023-05-20 07:41:35'),
(617, '22321-K23-902', 94, 3, 6, 28, 0, 0, 0, '', '2023-05-20 07:42:57', '2023-05-20 07:42:57'),
(618, '17210KPPN00', 38, 3, 6, 31, 0, 0, 0, '', '2023-05-20 07:45:00', '2023-05-20 07:45:00'),
(619, '22201KGH600', 8, 3, 6, 31, 0, 0, 0, '5 PCS SET', '2023-05-20 07:45:51', '2023-05-20 07:45:51'),
(620, '22120-KPP-N00', 106, 3, 6, 31, 0, 0, 0, '', '2023-05-20 07:46:54', '2023-05-20 07:46:54'),
(621, '22355-KGH-600', 105, 3, 6, 31, 0, 0, 0, '', '2023-05-20 07:47:24', '2023-05-20 07:47:24'),
(622, '22355-K55-602', 157, 3, 6, 31, 0, 0, 0, '', '2023-05-20 07:55:44', '2023-05-20 07:55:44'),
(623, '22120-K23-902', 105, 3, 6, 28, 0, 0, 0, '', '2023-05-20 08:03:42', '2023-05-20 08:03:42'),
(624, '22870KPPT00', 105, 3, 6, 28, 0, 0, 0, '', '2023-05-20 08:06:38', '2023-05-20 08:06:38'),
(625, '22870-KPP-T00', 15, 3, 6, 31, 0, 0, 0, '', '2023-05-20 08:07:30', '2023-05-20 08:07:30'),
(626, '45450KTC900S', 147, 3, 7, 36, 0, 0, 0, '', '2023-05-20 08:08:27', '2023-05-20 08:08:27'),
(627, '22870KCC900S', 15, 3, 7, 36, 0, 0, 0, 'GLAMOUR', '2023-05-20 08:16:17', '2023-05-20 08:16:17'),
(628, '17950-K43-901', 18, 3, 6, 27, 0, 0, 0, '', '2023-05-20 08:16:55', '2023-05-20 08:16:55'),
(629, '22870KVE900S', 15, 3, 7, 41, 0, 0, 0, 'HUNK', '2023-05-20 08:18:23', '2023-05-20 08:18:23'),
(630, '22870KTC900S', 15, 3, 7, 36, 0, 0, 0, 'GLAMOUR', '2023-05-20 08:19:14', '2023-05-20 08:19:14'),
(631, '17910KVE900S', 148, 3, 7, 41, 0, 0, 0, 'HUNK', '2023-05-20 08:24:10', '2023-05-20 08:24:10'),
(632, '17910AAN100S', 148, 3, 7, 30, 0, 0, 0, 'OLD MODEL', '2023-05-20 08:25:32', '2023-05-20 08:25:32'),
(633, '17910KTRA20S', 148, 3, 7, 30, 0, 0, 0, 'NEW MODEL', '2023-05-20 08:28:29', '2023-05-20 08:28:29'),
(634, '17910AAN410S', 148, 3, 7, 40, 0, 0, 0, '', '2023-05-20 08:30:09', '2023-05-20 08:30:09'),
(635, '17910KTC900S', 148, 3, 7, 36, 0, 0, 0, 'GLAMOUR', '2023-05-20 08:31:29', '2023-05-20 08:31:29'),
(636, '17910-K45-N41', 148, 3, 6, 32, 0, 0, 0, '', '2023-05-20 08:42:41', '2023-05-20 08:42:41'),
(637, '22870-K94-T00', 15, 3, 6, 42, 0, 0, 0, '', '2023-05-20 08:45:42', '2023-05-20 08:45:42'),
(638, '22870-K45-N40', 15, 3, 6, 32, 0, 0, 0, '', '2023-05-20 08:46:23', '2023-05-20 08:46:23'),
(639, '22870-K14-961', 15, 3, 6, 28, 0, 0, 0, 'DREAM NEO', '2023-05-20 08:47:16', '2023-05-20 08:47:16'),
(640, '17910-KTE-A00', 148, 3, 6, 38, 0, 0, 0, '', '2023-05-20 08:48:24', '2023-05-20 08:48:24'),
(641, '22870-KTE-D01', 15, 3, 6, 25, 0, 0, 0, 'CB SHINE', '2023-05-20 08:50:26', '2023-05-20 08:50:26'),
(642, '17920-K14-900', 148, 3, 6, 28, 0, 0, 0, 'DREAM NEO', '2023-05-20 08:51:53', '2023-05-20 08:51:53'),
(643, '17910-K43-901', 148, 3, 6, 27, 0, 0, 0, '', '2023-05-20 08:52:28', '2023-05-20 08:52:28'),
(644, '44830-K14-900', 146, 3, 6, 28, 0, 0, 0, 'DREAM NEO', '2023-05-20 08:53:33', '2023-05-20 08:53:33'),
(645, '17950K21900', 18, 3, 6, 25, 0, 0, 0, '', '2023-05-20 08:54:30', '2023-05-20 08:54:30'),
(646, '22870-K43-901', 15, 3, 6, 27, 0, 0, 0, '', '2023-05-20 08:56:04', '2023-05-20 08:56:04'),
(647, '53219K43900', 115, 3, 6, 27, 0, 0, 0, 'FORK TEE, STEM SUB ASSY', '2023-05-20 09:05:34', '2023-05-20 09:05:34'),
(648, '53219K0ED00', 115, 3, 6, 37, 0, 0, 0, 'FORK TEE, STEM SUB ASSY', '2023-05-20 09:06:05', '2023-05-20 09:06:05'),
(649, '50500KVE930S', 66, 3, 7, 29, 0, 0, 0, 'STAND COMP MAIN', '2023-05-20 09:06:58', '2023-05-20 09:06:58'),
(650, '53200KTN700S', 115, 3, 7, 29, 0, 0, 0, 'XTREME', '2023-05-20 09:08:29', '2023-05-20 09:08:29'),
(651, '53140KSPA70', 49, 3, 6, 27, 0, 0, 0, '2 PCS SET ALL MODEL', '2023-05-20 09:10:12', '2023-05-20 09:10:12'),
(652, '37100AAN201S', 95, 3, 7, 30, 0, 0, 0, 'SPLENDOR', '2023-05-20 09:11:45', '2023-05-20 09:11:45'),
(653, '3310BAAKH01S', 69, 3, 7, 29, 0, 0, 0, '', '2023-05-20 09:12:33', '2023-05-20 09:12:33'),
(654, '43150K43911', 135, 3, 6, 27, 0, 0, 0, '', '2023-05-20 09:15:05', '2023-05-20 09:15:05'),
(655, '16100-K0E-D01', 85, 3, 6, 37, 0, 0, 0, '', '2023-05-20 09:16:19', '2023-05-20 09:16:19'),
(656, '16100-K43-901', 85, 3, 6, 27, 0, 0, 0, '', '2023-05-20 09:17:46', '2023-05-20 09:17:46'),
(657, '45250KYE902', 136, 3, 6, 27, 0, 0, 0, 'ALL MODEL ', '2023-05-20 09:19:04', '2023-05-20 09:19:04'),
(658, '31120K21901', 72, 3, 6, 25, 0, 0, 0, '', '2023-05-20 09:21:53', '2023-05-20 09:21:53'),
(659, '31120-KSP-861', 72, 3, 6, 27, 0, 0, 0, '', '2023-05-20 09:24:18', '2023-05-20 09:24:18'),
(660, '31120KSPB01S', 72, 3, 7, 29, 0, 0, 0, 'XTREME', '2023-05-20 09:25:20', '2023-05-20 09:25:20'),
(661, '45250KCC841S', 136, 3, 7, 29, 0, 0, 0, '', '2023-05-20 09:25:53', '2023-05-20 09:25:53'),
(662, '16100KTN902S', 85, 3, 7, 29, 0, 0, 0, '', '2023-05-20 09:26:29', '2023-05-20 09:26:29'),
(663, '51171-34J80-000', 48, 3, 3, 18, 0, 0, 0, '', '2023-05-21 07:25:31', '2023-05-21 07:25:31'),
(664, '51311-34J00-291', 162, 3, 3, 18, 0, 0, 0, 'BLACK', '2023-05-21 07:34:58', '2023-05-21 07:34:58'),
(665, '51410-34J80-84N', 115, 3, 3, 18, 0, 0, 0, 'FORK TEE', '2023-05-21 07:37:13', '2023-05-21 07:37:13'),
(666, '53100K55600ZA', 125, 3, 6, 28, 0, 0, 0, '', '2023-05-21 07:47:59', '2023-05-21 07:47:59'),
(667, '53100 -K0E- D00ZA', 125, 3, 6, 37, 0, 0, 0, '', '2023-05-21 07:52:42', '2023-05-21 07:52:42'),
(668, '50530KCC900S', 67, 3, 7, 36, 0, 0, 0, 'GLAMOUR', '2023-05-21 07:54:05', '2023-05-21 07:54:05'),
(669, '50530-K43-900', 67, 3, 6, 27, 0, 0, 0, '', '2023-05-21 07:55:01', '2023-05-21 07:55:01'),
(670, '53100-K43-900ZA', 125, 3, 6, 27, 0, 0, 0, 'WHITE', '2023-05-21 07:57:00', '2023-05-21 07:57:00'),
(671, '51410KCC900S', 22, 3, 7, 36, 0, 0, 0, 'GLAMOUR', '2023-05-21 07:57:40', '2023-05-21 07:57:40'),
(672, '51410K23902', 22, 3, 6, 28, 0, 0, 0, '', '2023-05-21 07:58:20', '2023-05-21 07:58:20'),
(673, '53100KVE930ZS', 125, 3, 7, 29, 0, 0, 0, 'BLACK', '2023-05-21 07:59:14', '2023-05-21 07:59:14'),
(674, '500K43900', 66, 3, 6, 27, 0, 0, 0, '', '2023-05-21 08:00:06', '2023-05-21 08:00:06'),
(675, '51410-K43-901', 22, 3, 6, 27, 0, 0, 0, '', '2023-05-21 08:01:29', '2023-05-21 08:01:29'),
(676, '17213KWA940S', 38, 3, 7, 36, 0, 0, 0, 'GLAMOUR', '2023-05-21 08:16:22', '2023-05-21 08:16:22'),
(677, '17211-K38-901', 38, 3, 6, 27, 0, 0, 0, '', '2023-05-21 08:17:27', '2023-05-21 08:17:27'),
(678, '17211-K14-901', 38, 3, 6, 28, 0, 0, 0, '', '2023-05-21 08:17:43', '2023-05-21 08:17:43'),
(679, '17211-KSP-B00', 38, 3, 6, 25, 0, 0, 0, '', '2023-05-21 08:18:58', '2023-05-21 08:18:58'),
(680, '06430KWPD00', 153, 3, 6, 27, 0, 0, 0, '', '2023-05-21 08:19:28', '2023-05-21 08:19:28'),
(681, '06410-KSP-900', 5, 3, 6, 27, 0, 0, 0, 'X BLADE/HUNK ALL MODEL', '2023-05-21 08:21:33', '2023-05-21 08:21:33'),
(682, '41241KTC900S', 5, 3, 7, 30, 0, 0, 0, 'SPLENDOR', '2023-05-21 08:22:26', '2023-05-21 08:22:26'),
(683, '06455AAN211S', 124, 3, 7, 29, 0, 0, 0, 'HERO ALL MODEL', '2023-05-21 08:24:46', '2023-05-21 08:24:46'),
(684, '41241KSP900S', 5, 3, 7, 29, 0, 0, 0, '', '2023-05-21 08:25:21', '2023-05-21 08:25:21'),
(685, '17208AABA00S', 38, 3, 7, 34, 0, 0, 0, '', '2023-05-21 08:26:20', '2023-05-21 08:26:20'),
(686, '17211KVN900S', 38, 3, 7, 29, 0, 0, 0, '', '2023-05-21 08:26:52', '2023-05-21 08:26:52'),
(687, '45125KCCH00S', 153, 3, 7, 30, 0, 0, 0, 'SPLENDOR', '2023-05-21 08:27:24', '2023-05-21 08:27:24'),
(688, '06410-K67-900', 5, 3, 6, 28, 0, 0, 0, '', '2023-05-21 08:27:44', '2023-05-21 08:27:44'),
(689, '41241CB4770S', 5, 3, 6, 36, 0, 0, 0, '', '2023-05-21 08:28:09', '2023-05-21 08:28:09'),
(690, '06435-KSP-B02', 123, 3, 6, 27, 0, 0, 0, 'NON CBS MODEL', '2023-05-21 08:29:25', '2023-05-21 08:29:25'),
(691, '06455-K43-911', 123, 3, 6, 27, 0, 0, 0, '', '2023-05-21 08:30:08', '2023-05-21 08:30:08'),
(692, '31916KRM84099S', 40, 3, 7, 29, 0, 0, 0, 'SHORT PLUG', '2023-05-21 08:31:11', '2023-05-21 08:31:11'),
(693, '31916-KRM-841', 40, 3, 6, 27, 0, 0, 0, '', '2023-05-21 08:31:57', '2023-05-21 08:31:57'),
(694, 'BK6W001A0000', 121, 3, 4, 43, 0, 0, 0, '', '2023-05-21 08:36:05', '2023-05-21 08:36:05'),
(695, '13780-23K00-000', 38, 3, 3, 17, 0, 0, 0, '', '2023-05-21 08:36:50', '2023-05-21 08:36:50'),
(696, '17210-K94-T00', 38, 3, 6, 42, 0, 0, 0, '', '2023-05-21 08:37:41', '2023-05-21 08:37:41'),
(697, '17211-K15-900', 38, 3, 6, 32, 0, 0, 0, '', '2023-05-21 08:38:22', '2023-05-21 08:38:22'),
(698, '51153-23K00-000', 68, 3, 3, 17, 0, 0, 0, '', '2023-05-21 08:39:17', '2023-05-21 08:39:17'),
(699, 'BK6F31450000', 68, 3, 4, 43, 0, 0, 0, '', '2023-05-21 08:39:34', '2023-05-21 08:39:34'),
(700, '51490-MKA-D81', 68, 3, 6, 32, 0, 0, 0, '', '2023-05-21 08:40:19', '2023-05-21 08:40:19'),
(701, '23TF53300000', 47, 3, 4, 43, 0, 0, 0, '', '2023-05-21 08:40:37', '2023-05-21 08:40:37'),
(702, '06535-KTR-900', 47, 3, 6, 32, 0, 0, 0, '', '2023-05-21 08:41:21', '2023-05-21 08:41:21'),
(703, '3C1F58051000', 123, 3, 4, 43, 0, 0, 0, '', '2023-05-21 08:43:09', '2023-05-21 08:43:09'),
(704, '06435-KRE-G32', 123, 3, 6, 32, 0, 0, 0, '', '2023-05-21 08:43:57', '2023-05-21 08:43:57'),
(705, '06455-KPP-N02', 124, 3, 6, 32, 0, 0, 0, '', '2023-05-21 08:44:35', '2023-05-21 08:44:35'),
(706, '12251-K56-N02', 53, 3, 6, 32, 0, 0, 0, '', '2023-05-21 08:45:33', '2023-05-21 08:45:33'),
(707, '12391-K56-N00', 53, 3, 6, 32, 0, 0, 0, 'RUBBER ', '2023-05-21 08:46:37', '2023-05-21 08:46:37'),
(708, '11395-K56-V50', 163, 3, 6, 32, 0, 0, 0, 'MAGNET SIDE', '2023-05-21 08:48:36', '2023-05-21 08:48:36');

-- --------------------------------------------------------

--
-- Table structure for table `details_info_general_info`
--

CREATE TABLE `details_info_general_info` (
  `id` bigint(20) UNSIGNED NOT NULL,
  `details_info_id` int(11) NOT NULL,
  `general_info_id` int(11) NOT NULL,
  `created_at` timestamp NULL DEFAULT NULL,
  `updated_at` timestamp NULL DEFAULT NULL
) ENGINE=InnoDB DEFAULT CHARSET=utf8mb4 COLLATE=utf8mb4_unicode_ci;

--
-- Dumping data for table `details_info_general_info`
--

INSERT INTO `details_info_general_info` (`id`, `details_info_id`, `general_info_id`, `created_at`, `updated_at`) VALUES
(1, 1, 1, '2023-04-06 07:48:41', '2023-04-06 07:48:41'),
(2, 2, 2, '2023-04-06 07:52:28', '2023-04-06 07:52:28'),
(3, 3, 3, '2023-04-06 08:09:01', '2023-04-06 08:09:01'),
(4, 4, 4, '2023-04-06 08:09:46', '2023-04-06 08:09:46'),
(5, 5, 5, '2023-04-06 08:10:55', '2023-04-06 08:10:55'),
(6, 6, 6, '2023-04-06 08:11:52', '2023-04-06 08:11:52'),
(7, 7, 7, '2023-04-06 08:15:18', '2023-04-06 08:15:18'),
(8, 8, 8, '2023-04-06 08:16:06', '2023-04-06 08:16:06'),
(9, 9, 8, '2023-04-06 08:20:47', '2023-04-06 08:20:47'),
(10, 10, 8, '2023-04-06 08:21:17', '2023-04-06 08:21:17'),
(11, 11, 10, '2023-04-06 08:23:35', '2023-04-06 08:23:35'),
(12, 12, 10, '2023-04-06 08:24:19', '2023-04-06 08:24:19'),
(13, 13, 9, '2023-04-06 08:25:12', '2023-04-06 08:25:12'),
(14, 14, 11, '2023-04-06 08:28:04', '2023-04-06 08:28:04'),
(15, 15, 12, '2023-04-06 08:28:22', '2023-04-06 08:28:22'),
(16, 16, 13, '2023-04-06 08:28:44', '2023-04-06 08:28:44'),
(17, 17, 14, '2023-04-23 07:58:29', '2023-04-23 07:58:29'),
(18, 18, 15, '2023-04-23 08:04:10', '2023-04-23 08:04:10'),
(19, 19, 14, '2023-04-23 08:04:45', '2023-04-23 08:04:45'),
(20, 20, 15, '2023-04-23 08:05:14', '2023-04-23 08:05:14'),
(21, 21, 14, '2023-04-23 08:06:43', '2023-04-23 08:06:43'),
(22, 22, 15, '2023-04-23 08:07:35', '2023-04-23 08:07:35'),
(23, 23, 16, '2023-04-23 08:09:41', '2023-04-23 08:09:41'),
(24, 24, 17, '2023-04-23 08:10:27', '2023-04-23 08:10:27'),
(25, 25, 16, '2023-04-23 08:11:16', '2023-04-23 08:11:16'),
(26, 26, 17, '2023-04-23 08:11:42', '2023-04-23 08:11:42'),
(27, 27, 18, '2023-04-23 08:13:18', '2023-04-23 08:13:18'),
(28, 28, 15, '2023-04-23 08:18:03', '2023-04-23 08:18:03'),
(29, 29, 18, '2023-04-23 08:19:13', '2023-04-23 08:19:13'),
(30, 30, 15, '2023-04-23 08:19:42', '2023-04-23 08:19:42'),
(31, 31, 15, '2023-04-23 08:20:11', '2023-04-23 08:20:11'),
(32, 32, 19, '2023-04-23 08:21:36', '2023-04-23 08:21:36'),
(33, 33, 19, '2023-04-23 08:22:47', '2023-04-23 08:22:47'),
(34, 34, 19, '2023-04-23 08:23:00', '2023-04-23 08:23:00'),
(35, 35, 20, '2023-04-23 08:24:18', '2023-04-23 08:24:18'),
(36, 36, 80, '2023-04-29 07:30:20', '2023-04-29 07:30:20'),
(37, 37, 80, '2023-04-29 07:33:21', '2023-04-29 07:33:21'),
(38, 38, 80, '2023-04-29 07:34:07', '2023-04-29 07:34:07'),
(39, 39, 63, '2023-04-29 07:39:20', '2023-04-29 07:39:20'),
(40, 40, 63, '2023-04-29 07:40:41', '2023-04-29 07:40:41'),
(41, 41, 63, '2023-04-29 07:42:34', '2023-04-29 07:42:34'),
(42, 42, 63, '2023-04-29 07:43:38', '2023-04-29 07:43:38'),
(43, 43, 64, '2023-04-29 08:00:02', '2023-04-29 08:00:02'),
(44, 44, 64, '2023-04-29 08:01:25', '2023-04-29 08:01:25'),
(45, 45, 64, '2023-04-29 08:03:17', '2023-04-29 08:03:17'),
(46, 46, 64, '2023-04-29 08:05:04', '2023-04-29 08:05:04'),
(47, 47, 28, '2023-04-29 08:09:55', '2023-04-29 08:09:55'),
(48, 48, 28, '2023-04-29 08:10:28', '2023-04-29 08:10:28'),
(49, 49, 28, '2023-04-29 08:11:11', '2023-04-29 08:11:11'),
(50, 50, 28, '2023-04-29 08:11:45', '2023-04-29 08:11:45'),
(51, 51, 69, '2023-04-29 08:15:53', '2023-04-29 08:15:53'),
(52, 52, 69, '2023-04-29 08:16:21', '2023-04-29 08:16:21'),
(53, 53, 69, '2023-04-29 08:17:05', '2023-04-29 08:17:05'),
(54, 54, 69, '2023-04-29 08:17:54', '2023-04-29 08:17:54'),
(55, 55, 85, '2023-04-29 08:20:15', '2023-04-29 08:20:15'),
(56, 56, 86, '2023-04-29 08:31:35', '2023-04-29 08:31:35'),
(57, 57, 41, '2023-04-29 08:32:46', '2023-04-29 08:32:46'),
(58, 58, 87, '2023-04-29 08:46:39', '2023-04-29 08:46:39'),
(59, 59, 42, '2023-04-29 08:48:01', '2023-04-29 08:48:01'),
(60, 60, 41, '2023-04-29 08:49:15', '2023-04-29 08:49:15'),
(61, 61, 49, '2023-04-29 08:50:01', '2023-04-29 08:50:01'),
(62, 62, 49, '2023-04-29 08:51:52', '2023-04-29 08:51:52'),
(63, 63, 49, '2023-04-29 08:52:55', '2023-04-29 08:52:55'),
(64, 64, 47, '2023-04-29 08:53:46', '2023-04-29 08:53:46'),
(65, 65, 47, '2023-04-29 08:54:13', '2023-04-29 08:54:13'),
(66, 66, 47, '2023-04-29 08:54:53', '2023-04-29 08:54:53'),
(67, 67, 88, '2023-04-29 08:58:09', '2023-04-29 08:58:09'),
(68, 68, 78, '2023-04-29 08:59:51', '2023-04-29 08:59:51'),
(69, 69, 78, '2023-04-29 09:03:47', '2023-04-29 09:03:47'),
(70, 70, 78, '2023-04-29 09:04:37', '2023-04-29 09:04:37'),
(71, 71, 78, '2023-04-29 09:05:30', '2023-04-29 09:05:30'),
(72, 72, 79, '2023-04-29 09:06:41', '2023-04-29 09:06:41'),
(73, 73, 89, '2023-04-29 09:09:05', '2023-04-29 09:09:05'),
(74, 74, 89, '2023-04-29 09:09:47', '2023-04-29 09:09:47'),
(75, 75, 90, '2023-04-29 09:11:24', '2023-04-29 09:11:24'),
(76, 76, 91, '2023-04-29 09:12:59', '2023-04-29 09:12:59'),
(77, 77, 92, '2023-04-29 09:14:25', '2023-04-29 09:14:25'),
(78, 78, 65, '2023-04-29 09:15:58', '2023-04-29 09:15:58'),
(79, 79, 65, '2023-04-29 09:16:58', '2023-04-29 09:16:58'),
(80, 80, 65, '2023-04-29 09:17:59', '2023-04-29 09:17:59'),
(81, 81, 93, '2023-04-29 09:20:50', '2023-04-29 09:20:50'),
(82, 82, 53, '2023-04-29 09:21:31', '2023-04-29 09:21:31'),
(83, 83, 8, '2023-04-29 09:30:21', '2023-04-29 09:30:21'),
(84, 84, 8, '2023-04-29 09:30:56', '2023-04-29 09:30:56'),
(85, 85, 94, '2023-04-29 09:32:08', '2023-04-29 09:32:08'),
(86, 86, 94, '2023-04-29 09:33:17', '2023-04-29 09:33:17'),
(87, 87, 94, '2023-04-29 09:33:55', '2023-04-29 09:33:55'),
(88, 88, 8, '2023-04-29 09:34:38', '2023-04-29 09:34:38'),
(89, 89, 8, '2023-04-29 09:35:07', '2023-04-29 09:35:07'),
(90, 90, 8, '2023-04-29 09:35:50', '2023-04-29 09:35:50'),
(91, 91, 47, '2023-04-29 09:36:38', '2023-04-29 09:36:38'),
(92, 92, 47, '2023-04-29 09:37:09', '2023-04-29 09:37:09'),
(93, 93, 58, '2023-04-29 09:41:02', '2023-04-29 09:41:02'),
(94, 94, 38, '2023-04-29 09:43:04', '2023-04-29 09:43:04'),
(95, 95, 95, '2023-04-29 09:44:50', '2023-04-29 09:44:50'),
(96, 96, 96, '2023-04-29 09:46:21', '2023-04-29 09:46:21'),
(97, 97, 95, '2023-04-29 09:46:53', '2023-04-29 09:46:53'),
(98, 98, 95, '2023-04-29 09:47:26', '2023-04-29 09:47:26'),
(99, 99, 55, '2023-04-29 09:48:32', '2023-04-29 09:48:32'),
(100, 100, 55, '2023-04-29 09:49:04', '2023-04-29 09:49:04'),
(101, 101, 35, '2023-04-29 09:50:56', '2023-04-29 09:50:56'),
(102, 102, 35, '2023-04-29 09:51:31', '2023-04-29 09:51:31'),
(103, 103, 34, '2023-04-29 09:52:17', '2023-04-29 09:52:17'),
(104, 104, 97, '2023-04-29 09:53:44', '2023-04-29 09:53:44'),
(105, 105, 98, '2023-04-29 09:55:38', '2023-04-29 09:55:38'),
(106, 106, 98, '2023-04-29 09:56:09', '2023-04-29 09:56:09'),
(107, 107, 99, '2023-04-29 09:58:06', '2023-04-29 09:58:06'),
(108, 108, 83, '2023-04-29 09:59:20', '2023-04-29 09:59:20'),
(109, 109, 100, '2023-04-29 10:00:43', '2023-04-29 10:00:43'),
(110, 110, 101, '2023-04-29 10:01:49', '2023-04-29 10:01:49'),
(111, 111, 102, '2023-04-29 10:02:56', '2023-04-29 10:02:56'),
(112, 112, 34, '2023-04-29 10:03:36', '2023-04-29 10:03:36'),
(113, 113, 100, '2023-04-29 10:06:34', '2023-04-29 10:06:34'),
(114, 114, 98, '2023-04-29 10:07:17', '2023-04-29 10:07:17'),
(115, 115, 32, '2023-04-29 10:08:38', '2023-04-29 10:08:38'),
(116, 116, 103, '2023-04-29 10:09:56', '2023-04-29 10:09:56'),
(117, 117, 34, '2023-04-29 10:10:37', '2023-04-29 10:10:37'),
(118, 118, 104, '2023-04-29 10:11:56', '2023-04-29 10:11:56'),
(119, 119, 83, '2023-04-29 10:13:24', '2023-04-29 10:13:24'),
(120, 120, 104, '2023-04-29 10:14:13', '2023-04-29 10:14:13'),
(121, 121, 104, '2023-04-29 10:14:38', '2023-04-29 10:14:38'),
(122, 122, 105, '2023-04-29 10:19:05', '2023-04-29 10:19:05'),
(123, 123, 106, '2023-04-29 10:19:55', '2023-04-29 10:19:55'),
(124, 124, 9, '2023-04-29 10:20:33', '2023-04-29 10:20:33'),
(125, 125, 54, '2023-04-29 10:21:49', '2023-04-29 10:21:49'),
(126, 126, 107, '2023-04-29 10:24:50', '2023-04-29 10:24:50'),
(127, 127, 59, '2023-04-29 10:25:44', '2023-04-29 10:25:44'),
(128, 128, 59, '2023-04-29 10:27:21', '2023-04-29 10:27:21'),
(129, 129, 59, '2023-04-29 10:28:23', '2023-04-29 10:28:23'),
(130, 130, 59, '2023-04-29 10:29:11', '2023-04-29 10:29:11'),
(131, 131, 30, '2023-04-29 10:31:59', '2023-04-29 10:31:59'),
(132, 132, 108, '2023-04-29 10:33:36', '2023-04-29 10:33:36'),
(133, 133, 109, '2023-04-29 10:35:30', '2023-04-29 10:35:30'),
(134, 134, 110, '2023-04-29 10:36:07', '2023-04-29 10:36:07'),
(135, 135, 111, '2023-04-29 10:38:58', '2023-04-29 10:38:58'),
(136, 136, 112, '2023-04-29 10:39:49', '2023-04-29 10:39:49'),
(137, 137, 110, '2023-04-29 10:41:01', '2023-04-29 10:41:01'),
(138, 138, 109, '2023-04-29 10:41:36', '2023-04-29 10:41:36'),
(139, 139, 108, '2023-04-29 10:45:09', '2023-04-29 10:45:09'),
(140, 140, 111, '2023-04-29 10:45:57', '2023-04-29 10:45:57'),
(141, 141, 112, '2023-04-29 10:46:23', '2023-04-29 10:46:23'),
(142, 142, 111, '2023-04-29 10:47:15', '2023-04-29 10:47:15'),
(143, 143, 112, '2023-04-29 10:47:46', '2023-04-29 10:47:46'),
(144, 144, 113, '2023-04-29 10:51:04', '2023-04-29 10:51:04'),
(145, 145, 59, '2023-04-29 11:02:09', '2023-04-29 11:02:09'),
(146, 146, 64, '2023-04-29 23:27:23', '2023-04-29 23:27:23'),
(147, 147, 56, '2023-04-29 23:29:49', '2023-04-29 23:29:49'),
(148, 148, 56, '2023-04-29 23:31:27', '2023-04-29 23:31:27'),
(149, 149, 56, '2023-04-29 23:33:23', '2023-04-29 23:33:23'),
(150, 150, 55, '2023-04-29 23:34:29', '2023-04-29 23:34:29'),
(151, 151, 61, '2023-04-29 23:36:11', '2023-04-29 23:36:11'),
(152, 152, 114, '2023-04-29 23:37:24', '2023-04-29 23:37:24'),
(153, 153, 61, '2023-04-29 23:38:18', '2023-04-29 23:38:18'),
(154, 154, 48, '2023-04-29 23:42:00', '2023-04-29 23:42:00'),
(155, 155, 115, '2023-04-29 23:44:15', '2023-04-29 23:44:15'),
(156, 156, 115, '2023-04-29 23:44:59', '2023-04-29 23:44:59'),
(157, 157, 115, '2023-04-29 23:46:29', '2023-04-29 23:46:29'),
(158, 158, 105, '2023-04-29 23:49:06', '2023-04-29 23:49:06'),
(159, 159, 106, '2023-04-29 23:49:46', '2023-04-29 23:49:46'),
(160, 160, 116, '2023-04-29 23:51:30', '2023-04-29 23:51:30'),
(161, 161, 116, '2023-04-29 23:52:06', '2023-04-29 23:52:06'),
(162, 162, 117, '2023-04-29 23:53:41', '2023-04-29 23:53:41'),
(163, 163, 118, '2023-04-29 23:53:57', '2023-04-29 23:53:57'),
(164, 164, 117, '2023-04-29 23:55:19', '2023-04-29 23:55:19'),
(165, 165, 118, '2023-04-29 23:55:38', '2023-04-29 23:55:38'),
(166, 166, 117, '2023-04-29 23:56:54', '2023-04-29 23:56:54'),
(167, 167, 118, '2023-04-29 23:57:11', '2023-04-29 23:57:11'),
(168, 168, 117, '2023-04-29 23:58:17', '2023-04-29 23:58:17'),
(169, 169, 44, '2023-04-30 00:05:20', '2023-04-30 00:05:20'),
(170, 170, 44, '2023-04-30 00:06:31', '2023-04-30 00:06:31'),
(171, 171, 44, '2023-04-30 00:08:22', '2023-04-30 00:08:22'),
(172, 172, 44, '2023-04-30 00:11:31', '2023-04-30 00:11:31'),
(173, 173, 43, '2023-04-30 00:12:49', '2023-04-30 00:12:49'),
(174, 174, 44, '2023-04-30 00:15:05', '2023-04-30 00:15:05'),
(175, 175, 22, '2023-04-30 00:16:52', '2023-04-30 00:16:52'),
(176, 176, 22, '2023-04-30 00:17:37', '2023-04-30 00:17:37'),
(177, 177, 22, '2023-04-30 00:18:38', '2023-04-30 00:18:38'),
(178, 178, 21, '2023-04-30 00:19:57', '2023-04-30 00:19:57'),
(179, 179, 21, '2023-04-30 00:28:56', '2023-04-30 00:28:56'),
(180, 180, 21, '2023-04-30 00:29:27', '2023-04-30 00:29:27'),
(181, 181, 119, '2023-04-30 00:30:40', '2023-04-30 00:30:40'),
(182, 182, 120, '2023-04-30 00:31:30', '2023-04-30 00:31:30'),
(183, 183, 66, '2023-04-30 00:34:36', '2023-04-30 00:34:36'),
(184, 184, 121, '2023-04-30 00:35:55', '2023-04-30 00:35:55'),
(185, 185, 121, '2023-04-30 00:36:43', '2023-04-30 00:36:43'),
(186, 186, 121, '2023-04-30 00:36:57', '2023-04-30 00:36:57'),
(187, 187, 121, '2023-04-30 00:37:45', '2023-04-30 00:37:45'),
(188, 188, 121, '2023-04-30 00:37:58', '2023-04-30 00:37:58'),
(189, 189, 121, '2023-04-30 00:39:21', '2023-04-30 00:39:21'),
(190, 190, 25, '2023-04-30 00:43:02', '2023-04-30 00:43:02'),
(191, 191, 122, '2023-04-30 00:43:57', '2023-04-30 00:43:57'),
(192, 192, 122, '2023-04-30 00:44:46', '2023-04-30 00:44:46'),
(193, 193, 25, '2023-04-30 00:47:33', '2023-04-30 00:47:33'),
(194, 194, 23, '2023-04-30 00:49:50', '2023-04-30 00:49:50'),
(195, 195, 53, '2023-04-30 00:51:57', '2023-04-30 00:51:57'),
(196, 196, 23, '2023-04-30 00:52:17', '2023-04-30 00:52:17'),
(197, 197, 27, '2023-04-30 00:52:52', '2023-04-30 00:52:52'),
(198, 198, 74, '2023-04-30 00:55:09', '2023-04-30 00:55:09'),
(199, 199, 74, '2023-04-30 00:55:36', '2023-04-30 00:55:36'),
(200, 200, 73, '2023-04-30 00:55:54', '2023-04-30 00:55:54'),
(201, 201, 73, '2023-04-30 00:56:16', '2023-04-30 00:56:16'),
(202, 202, 23, '2023-04-30 00:58:43', '2023-04-30 00:58:43'),
(203, 203, 38, '2023-04-30 01:00:03', '2023-04-30 01:00:03'),
(204, 204, 38, '2023-04-30 01:00:25', '2023-04-30 01:00:25'),
(205, 205, 39, '2023-04-30 01:01:16', '2023-04-30 01:01:16'),
(206, 206, 20, '2023-04-30 01:02:57', '2023-04-30 01:02:57'),
(207, 207, 52, '2023-04-30 01:03:32', '2023-04-30 01:03:32'),
(208, 208, 123, '2023-04-30 01:07:41', '2023-04-30 01:07:41'),
(209, 209, 123, '2023-04-30 01:08:02', '2023-04-30 01:08:02'),
(210, 210, 124, '2023-04-30 01:08:47', '2023-04-30 01:08:47'),
(211, 211, 124, '2023-04-30 01:10:23', '2023-04-30 01:10:23'),
(212, 212, 124, '2023-04-30 01:10:58', '2023-04-30 01:10:58'),
(213, 213, 5, '2023-04-30 01:16:31', '2023-04-30 01:16:31'),
(214, 214, 38, '2023-04-30 01:17:00', '2023-04-30 01:17:00'),
(215, 215, 5, '2023-04-30 01:19:52', '2023-04-30 01:19:52'),
(216, 216, 39, '2023-04-30 01:20:16', '2023-04-30 01:20:16'),
(217, 217, 40, '2023-04-30 01:20:50', '2023-04-30 01:20:50'),
(218, 218, 125, '2023-04-30 01:29:01', '2023-04-30 01:29:01'),
(219, 219, 125, '2023-04-30 01:29:19', '2023-04-30 01:29:19'),
(220, 220, 125, '2023-04-30 01:29:49', '2023-04-30 01:29:49'),
(221, 221, 105, '2023-04-30 01:31:46', '2023-04-30 01:31:46'),
(222, 222, 106, '2023-04-30 01:32:14', '2023-04-30 01:32:14'),
(223, 223, 106, '2023-04-30 01:33:13', '2023-04-30 01:33:13'),
(224, 224, 105, '2023-04-30 01:33:33', '2023-04-30 01:33:33'),
(225, 225, 94, '2023-04-30 01:35:40', '2023-04-30 01:35:40'),
(226, 226, 8, '2023-04-30 01:37:55', '2023-04-30 01:37:55'),
(227, 227, 8, '2023-04-30 01:38:24', '2023-04-30 01:38:24'),
(228, 228, 126, '2023-04-30 01:42:39', '2023-04-30 01:42:39'),
(229, 229, 116, '2023-04-30 01:45:03', '2023-04-30 01:45:03'),
(230, 230, 127, '2023-04-30 01:47:43', '2023-04-30 01:47:43'),
(231, 231, 69, '2023-04-30 01:48:14', '2023-04-30 01:48:14'),
(232, 232, 127, '2023-04-30 01:48:44', '2023-04-30 01:48:44'),
(233, 233, 34, '2023-04-30 01:49:49', '2023-04-30 01:49:49'),
(234, 234, 98, '2023-04-30 01:51:14', '2023-04-30 01:51:14'),
(235, 235, 33, '2023-04-30 01:52:17', '2023-04-30 01:52:17'),
(236, 236, 33, '2023-04-30 01:52:44', '2023-04-30 01:52:44'),
(237, 237, 104, '2023-04-30 01:53:40', '2023-04-30 01:53:40'),
(238, 238, 84, '2023-04-30 01:55:05', '2023-04-30 01:55:05'),
(239, 239, 83, '2023-04-30 01:56:16', '2023-04-30 01:56:16'),
(240, 240, 108, '2023-04-30 01:56:48', '2023-04-30 01:56:48'),
(241, 241, 112, '2023-04-30 01:57:43', '2023-04-30 01:57:43'),
(242, 242, 111, '2023-04-30 01:58:15', '2023-04-30 01:58:15'),
(243, 243, 35, '2023-04-30 01:59:09', '2023-04-30 01:59:09'),
(244, 244, 53, '2023-04-30 01:59:41', '2023-04-30 01:59:41'),
(245, 245, 64, '2023-04-30 02:01:29', '2023-04-30 02:01:29'),
(246, 246, 70, '2023-04-30 02:01:58', '2023-04-30 02:01:58'),
(247, 247, 128, '2023-04-30 02:03:54', '2023-04-30 02:03:54'),
(248, 248, 129, '2023-04-30 02:05:07', '2023-04-30 02:05:07'),
(249, 249, 128, '2023-04-30 02:05:30', '2023-04-30 02:05:30'),
(250, 250, 130, '2023-04-30 02:07:15', '2023-04-30 02:07:15'),
(251, 251, 130, '2023-04-30 02:08:02', '2023-04-30 02:08:02'),
(252, 252, 71, '2023-04-30 02:08:51', '2023-04-30 02:08:51'),
(253, 253, 128, '2023-04-30 02:09:21', '2023-04-30 02:09:21'),
(254, 254, 131, '2023-04-30 02:11:52', '2023-04-30 02:11:52'),
(255, 255, 130, '2023-04-30 02:12:30', '2023-04-30 02:12:30'),
(256, 256, 129, '2023-04-30 02:12:55', '2023-04-30 02:12:55'),
(257, 257, 128, '2023-04-30 02:14:07', '2023-04-30 02:14:07'),
(258, 258, 128, '2023-04-30 02:14:45', '2023-04-30 02:14:45'),
(259, 259, 132, '2023-04-30 02:16:15', '2023-04-30 02:16:15'),
(260, 260, 132, '2023-04-30 02:22:29', '2023-04-30 02:22:29'),
(261, 261, 132, '2023-04-30 02:23:02', '2023-04-30 02:23:02'),
(262, 262, 70, '2023-04-30 02:24:30', '2023-04-30 02:24:30'),
(263, 263, 70, '2023-04-30 02:25:09', '2023-04-30 02:25:09'),
(264, 264, 72, '2023-04-30 02:25:56', '2023-04-30 02:25:56'),
(265, 265, 70, '2023-04-30 02:26:43', '2023-04-30 02:26:43'),
(266, 266, 70, '2023-04-30 02:27:49', '2023-04-30 02:27:49'),
(267, 267, 133, '2023-04-30 02:29:35', '2023-04-30 02:29:35'),
(268, 268, 58, '2023-04-30 02:32:10', '2023-04-30 02:32:10'),
(269, 269, 134, '2023-04-30 02:34:03', '2023-04-30 02:34:03'),
(270, 270, 134, '2023-04-30 02:35:39', '2023-04-30 02:35:39'),
(271, 271, 134, '2023-04-30 02:36:09', '2023-04-30 02:36:09'),
(272, 272, 68, '2023-04-30 02:37:31', '2023-04-30 02:37:31'),
(273, 273, 68, '2023-04-30 02:39:05', '2023-04-30 02:39:05'),
(274, 274, 135, '2023-04-30 02:51:46', '2023-04-30 02:51:46'),
(275, 275, 136, '2023-04-30 02:53:42', '2023-04-30 02:53:42'),
(276, 276, 135, '2023-04-30 02:56:11', '2023-04-30 02:56:11'),
(277, 277, 71, '2023-04-30 03:01:11', '2023-04-30 03:01:11'),
(278, 278, 135, '2023-04-30 03:01:46', '2023-04-30 03:01:46'),
(279, 279, 68, '2023-04-30 09:14:58', '2023-04-30 09:14:58'),
(280, 280, 68, '2023-04-30 09:15:25', '2023-04-30 09:15:25'),
(281, 281, 71, '2023-04-30 09:18:34', '2023-04-30 09:18:34'),
(282, 282, 59, '2023-04-30 09:19:21', '2023-04-30 09:19:21'),
(283, 283, 28, '2023-04-30 09:19:49', '2023-04-30 09:19:49'),
(284, 284, 61, '2023-04-30 09:20:37', '2023-04-30 09:20:37'),
(285, 285, 51, '2023-04-30 09:21:22', '2023-04-30 09:21:22'),
(286, 286, 50, '2023-04-30 09:21:41', '2023-04-30 09:21:41'),
(287, 287, 50, '2023-04-30 09:24:11', '2023-04-30 09:24:11'),
(288, 288, 55, '2023-04-30 09:26:55', '2023-04-30 09:26:55'),
(289, 289, 103, '2023-04-30 09:27:22', '2023-04-30 09:27:22'),
(290, 290, 59, '2023-04-30 09:28:59', '2023-04-30 09:28:59'),
(291, 291, 96, '2023-04-30 09:30:08', '2023-04-30 09:30:08'),
(292, 292, 38, '2023-04-30 09:31:22', '2023-04-30 09:31:22'),
(293, 293, 38, '2023-04-30 09:31:46', '2023-04-30 09:31:46'),
(294, 294, 134, '2023-04-30 09:32:48', '2023-04-30 09:32:48'),
(295, 295, 47, '2023-04-30 09:33:20', '2023-04-30 09:33:20'),
(296, 296, 57, '2023-04-30 09:35:52', '2023-04-30 09:35:52'),
(297, 297, 57, '2023-04-30 09:36:11', '2023-04-30 09:36:11'),
(298, 298, 58, '2023-04-30 09:36:50', '2023-04-30 09:36:50'),
(299, 299, 58, '2023-04-30 09:37:10', '2023-04-30 09:37:10'),
(300, 300, 118, '2023-04-30 09:38:01', '2023-04-30 09:38:01'),
(301, 301, 117, '2023-04-30 09:38:16', '2023-04-30 09:38:16'),
(302, 302, 121, '2023-04-30 09:39:06', '2023-04-30 09:39:06'),
(303, 303, 85, '2023-04-30 09:41:20', '2023-04-30 09:41:20'),
(304, 304, 85, '2023-04-30 09:42:27', '2023-04-30 09:42:27'),
(305, 305, 74, '2023-04-30 09:44:05', '2023-04-30 09:44:05'),
(306, 306, 137, '2023-04-30 09:46:15', '2023-04-30 09:46:15'),
(307, 307, 137, '2023-04-30 09:46:48', '2023-04-30 09:46:48'),
(308, 308, 53, '2023-04-30 09:47:09', '2023-04-30 09:47:09'),
(309, 309, 88, '2023-04-30 09:48:03', '2023-04-30 09:48:03'),
(310, 310, 42, '2023-04-30 09:50:09', '2023-04-30 09:50:09'),
(311, 311, 65, '2023-04-30 09:52:12', '2023-04-30 09:52:12'),
(312, 312, 138, '2023-04-30 09:58:30', '2023-04-30 09:58:30'),
(313, 313, 142, '2023-04-30 09:59:52', '2023-04-30 09:59:52'),
(314, 314, 139, '2023-04-30 10:00:27', '2023-04-30 10:00:27'),
(315, 315, 141, '2023-04-30 10:00:57', '2023-04-30 10:00:57'),
(316, 316, 140, '2023-04-30 10:01:13', '2023-04-30 10:01:13'),
(317, 317, 92, '2023-04-30 10:01:37', '2023-04-30 10:01:37'),
(318, 318, 143, '2023-04-30 10:03:15', '2023-04-30 10:03:15'),
(319, 319, 41, '2023-04-30 10:03:52', '2023-04-30 10:03:52'),
(320, 320, 52, '2023-04-30 10:04:45', '2023-04-30 10:04:45'),
(321, 321, 89, '2023-04-30 10:05:28', '2023-04-30 10:05:28'),
(322, 322, 144, '2023-04-30 10:07:16', '2023-04-30 10:07:16'),
(323, 323, 79, '2023-04-30 10:07:56', '2023-04-30 10:07:56'),
(324, 324, 145, '2023-04-30 10:08:44', '2023-04-30 10:08:44'),
(325, 325, 20, '2023-04-30 10:10:17', '2023-04-30 10:10:17'),
(326, 326, 16, '2023-04-30 10:11:32', '2023-04-30 10:11:32'),
(327, 327, 17, '2023-04-30 10:11:55', '2023-04-30 10:11:55'),
(328, 328, 16, '2023-04-30 10:13:00', '2023-04-30 10:13:00'),
(329, 329, 17, '2023-04-30 10:14:07', '2023-04-30 10:14:07'),
(330, 330, 18, '2023-04-30 10:14:47', '2023-04-30 10:14:47'),
(331, 331, 146, '2023-04-30 10:16:43', '2023-04-30 10:16:43'),
(332, 332, 15, '2023-04-30 10:18:13', '2023-04-30 10:18:13'),
(333, 333, 147, '2023-04-30 10:19:20', '2023-04-30 10:19:20'),
(334, 334, 148, '2023-04-30 10:21:55', '2023-04-30 10:21:55'),
(335, 335, 148, '2023-04-30 10:22:20', '2023-04-30 10:22:20'),
(336, 336, 15, '2023-04-30 10:23:35', '2023-04-30 10:23:35'),
(337, 337, 15, '2023-04-30 10:24:18', '2023-04-30 10:24:18'),
(338, 338, 122, '2023-04-30 10:26:09', '2023-04-30 10:26:09'),
(339, 339, 25, '2023-04-30 10:27:25', '2023-04-30 10:27:25'),
(340, 340, 122, '2023-04-30 10:28:17', '2023-04-30 10:28:17'),
(341, 341, 25, '2023-04-30 10:28:55', '2023-04-30 10:28:55'),
(342, 342, 25, '2023-04-30 10:30:30', '2023-04-30 10:30:30'),
(343, 343, 43, '2023-04-30 10:33:38', '2023-04-30 10:33:38'),
(344, 344, 149, '2023-04-30 10:34:26', '2023-04-30 10:34:26'),
(345, 345, 149, '2023-04-30 10:34:45', '2023-04-30 10:34:45'),
(346, 346, 150, '2023-04-30 10:36:17', '2023-04-30 10:36:17'),
(347, 347, 151, '2023-04-30 10:37:08', '2023-04-30 10:37:08'),
(348, 348, 125, '2023-04-30 10:37:27', '2023-04-30 10:37:27'),
(349, 349, 152, '2023-04-30 10:38:32', '2023-04-30 10:38:32'),
(350, 350, 67, '2023-04-30 10:41:14', '2023-04-30 10:41:14'),
(351, 351, 22, '2023-04-30 10:42:08', '2023-04-30 10:42:08'),
(352, 352, 80, '2023-05-01 00:00:27', '2023-05-01 00:00:27'),
(353, 353, 123, '2023-05-01 00:01:48', '2023-05-01 00:01:48'),
(354, 354, 124, '2023-05-01 00:02:11', '2023-05-01 00:02:11'),
(355, 355, 123, '2023-05-01 00:02:37', '2023-05-01 00:02:37'),
(356, 356, 38, '2023-05-01 00:03:04', '2023-05-01 00:03:04'),
(357, 357, 5, '2023-05-01 00:03:49', '2023-05-01 00:03:49'),
(358, 358, 153, '2023-05-01 00:05:24', '2023-05-01 00:05:24'),
(359, 359, 154, '2023-05-01 00:06:28', '2023-05-01 00:06:28'),
(360, 360, 5, '2023-05-01 00:06:56', '2023-05-01 00:06:56'),
(361, 361, 40, '2023-05-01 00:07:44', '2023-05-01 00:07:44'),
(362, 362, 39, '2023-05-01 00:08:07', '2023-05-01 00:08:07'),
(363, 363, 59, '2023-05-01 00:13:09', '2023-05-01 00:13:09'),
(364, 364, 59, '2023-05-01 00:14:18', '2023-05-01 00:14:18'),
(365, 365, 50, '2023-05-01 00:22:37', '2023-05-01 00:22:37'),
(366, 366, 51, '2023-05-01 00:23:11', '2023-05-01 00:23:11'),
(367, 367, 128, '2023-05-01 00:25:53', '2023-05-01 00:25:53'),
(368, 368, 51, '2023-05-01 00:26:20', '2023-05-01 00:26:20'),
(369, 369, 51, '2023-05-01 00:27:39', '2023-05-01 00:27:39'),
(370, 370, 50, '2023-05-01 00:28:37', '2023-05-01 00:28:37'),
(371, 371, 50, '2023-05-01 00:29:35', '2023-05-01 00:29:35'),
(372, 372, 71, '2023-05-01 00:30:26', '2023-05-01 00:30:26'),
(373, 373, 107, '2023-05-01 00:30:50', '2023-05-01 00:30:50'),
(374, 374, 146, '2023-05-01 00:31:35', '2023-05-01 00:31:35'),
(375, 375, 146, '2023-05-01 00:32:10', '2023-05-01 00:32:10'),
(376, 376, 128, '2023-05-01 00:33:01', '2023-05-01 00:33:01'),
(377, 377, 71, '2023-05-01 00:41:11', '2023-05-01 00:41:11'),
(378, 378, 71, '2023-05-01 00:42:39', '2023-05-01 00:42:39'),
(379, 379, 88, '2023-05-01 00:43:30', '2023-05-01 00:43:30'),
(380, 380, 89, '2023-05-01 00:44:58', '2023-05-01 00:44:58'),
(381, 381, 98, '2023-05-01 00:50:40', '2023-05-01 00:50:40'),
(382, 382, 98, '2023-05-01 00:51:25', '2023-05-01 00:51:25'),
(383, 383, 98, '2023-05-01 00:53:11', '2023-05-01 00:53:11'),
(384, 384, 29, '2023-05-01 00:55:03', '2023-05-01 00:55:03'),
(385, 385, 29, '2023-05-01 00:55:27', '2023-05-01 00:55:27'),
(386, 386, 30, '2023-05-01 00:55:59', '2023-05-01 00:55:59'),
(387, 387, 34, '2023-05-01 01:08:17', '2023-05-01 01:08:17'),
(388, 388, 34, '2023-05-01 01:09:08', '2023-05-01 01:09:08'),
(389, 389, 34, '2023-05-01 01:09:26', '2023-05-01 01:09:26'),
(390, 390, 29, '2023-05-01 01:10:08', '2023-05-01 01:10:08'),
(391, 391, 29, '2023-05-01 01:10:36', '2023-05-01 01:10:36'),
(392, 392, 32, '2023-05-01 01:11:08', '2023-05-01 01:11:08'),
(393, 393, 155, '2023-05-01 01:13:23', '2023-05-01 01:13:23'),
(394, 394, 35, '2023-05-01 01:14:44', '2023-05-01 01:14:44'),
(395, 395, 35, '2023-05-01 01:15:22', '2023-05-01 01:15:22'),
(396, 396, 33, '2023-05-01 01:16:22', '2023-05-01 01:16:22'),
(397, 397, 33, '2023-05-01 01:16:44', '2023-05-01 01:16:44'),
(398, 398, 35, '2023-05-01 09:03:11', '2023-05-01 09:03:11'),
(399, 399, 8, '2023-05-02 08:00:20', '2023-05-02 08:00:20'),
(400, 400, 8, '2023-05-02 08:00:46', '2023-05-02 08:00:46'),
(401, 401, 8, '2023-05-02 08:01:26', '2023-05-02 08:01:26'),
(402, 402, 94, '2023-05-02 08:02:35', '2023-05-02 08:02:35'),
(403, 403, 68, '2023-05-02 08:07:15', '2023-05-02 08:07:15'),
(404, 404, 68, '2023-05-02 08:09:58', '2023-05-02 08:09:58'),
(405, 405, 68, '2023-05-02 08:10:42', '2023-05-02 08:10:42'),
(406, 406, 69, '2023-05-02 08:12:08', '2023-05-02 08:12:08'),
(407, 407, 70, '2023-05-02 08:15:09', '2023-05-02 08:15:09'),
(408, 408, 70, '2023-05-02 08:16:03', '2023-05-02 08:16:03'),
(409, 409, 72, '2023-05-02 08:17:20', '2023-05-02 08:17:20'),
(410, 410, 85, '2023-05-02 08:21:17', '2023-05-02 08:21:17'),
(411, 411, 85, '2023-05-02 08:22:01', '2023-05-02 08:22:01'),
(412, 412, 135, '2023-05-02 08:25:38', '2023-05-02 08:25:38'),
(413, 413, 136, '2023-05-02 08:26:19', '2023-05-02 08:26:19'),
(414, 414, 56, '2023-05-02 08:27:14', '2023-05-02 08:27:14'),
(415, 415, 96, '2023-05-02 09:35:58', '2023-05-02 09:35:58'),
(416, 416, 96, '2023-05-02 09:36:20', '2023-05-02 09:36:20'),
(417, 417, 56, '2023-05-02 09:37:55', '2023-05-02 09:37:55'),
(418, 418, 155, '2023-05-02 09:38:23', '2023-05-02 09:38:23'),
(419, 419, 155, '2023-05-02 09:39:03', '2023-05-02 09:39:03'),
(420, 420, 73, '2023-05-02 09:40:31', '2023-05-02 09:40:31'),
(421, 421, 73, '2023-05-02 09:41:17', '2023-05-02 09:41:17'),
(422, 422, 89, '2023-05-05 23:56:39', '2023-05-05 23:56:39'),
(423, 423, 85, '2023-05-06 00:04:47', '2023-05-06 00:04:47'),
(424, 424, 115, '2023-05-06 00:06:06', '2023-05-06 00:06:06'),
(425, 425, 136, '2023-05-06 00:06:33', '2023-05-06 00:06:33'),
(426, 426, 41, '2023-05-06 00:07:18', '2023-05-06 00:07:18'),
(427, 427, 156, '2023-05-06 00:08:30', '2023-05-06 00:08:30'),
(428, 428, 64, '2023-05-06 00:09:22', '2023-05-06 00:09:22'),
(429, 429, 143, '2023-05-06 00:10:49', '2023-05-06 00:10:49'),
(430, 430, 66, '2023-05-06 00:11:19', '2023-05-06 00:11:19'),
(431, 431, 83, '2023-05-06 00:12:43', '2023-05-06 00:12:43'),
(432, 432, 58, '2023-05-06 00:13:37', '2023-05-06 00:13:37'),
(433, 433, 57, '2023-05-06 00:14:28', '2023-05-06 00:14:28'),
(434, 434, 57, '2023-05-06 00:15:10', '2023-05-06 00:15:10'),
(435, 435, 58, '2023-05-06 00:17:43', '2023-05-06 00:17:43'),
(436, 436, 58, '2023-05-06 00:19:24', '2023-05-06 00:19:24'),
(437, 437, 57, '2023-05-06 00:19:56', '2023-05-06 00:19:56'),
(438, 438, 57, '2023-05-06 00:20:32', '2023-05-06 00:20:32'),
(439, 439, 138, '2023-05-06 00:21:42', '2023-05-06 00:21:42'),
(440, 440, 41, '2023-05-06 00:22:29', '2023-05-06 00:22:29'),
(441, 441, 80, '2023-05-06 00:23:08', '2023-05-06 00:23:08'),
(442, 442, 109, '2023-05-06 00:25:05', '2023-05-06 00:25:05'),
(443, 443, 110, '2023-05-06 00:25:51', '2023-05-06 00:25:51'),
(444, 444, 74, '2023-05-06 00:26:30', '2023-05-06 00:26:30'),
(445, 445, 121, '2023-05-06 00:28:19', '2023-05-06 00:28:19'),
(446, 446, 121, '2023-05-06 00:28:46', '2023-05-06 00:28:46'),
(447, 447, 121, '2023-05-06 00:29:35', '2023-05-06 00:29:35'),
(448, 448, 121, '2023-05-06 00:30:28', '2023-05-06 00:30:28'),
(449, 449, 118, '2023-05-06 00:31:57', '2023-05-06 00:31:57'),
(450, 450, 117, '2023-05-06 00:32:29', '2023-05-06 00:32:29'),
(451, 451, 125, '2023-05-06 00:33:57', '2023-05-06 00:33:57'),
(452, 452, 21, '2023-05-06 00:35:06', '2023-05-06 00:35:06'),
(453, 453, 21, '2023-05-06 00:35:54', '2023-05-06 00:35:54'),
(454, 454, 64, '2023-05-06 00:36:49', '2023-05-06 00:36:49'),
(455, 455, 36, '2023-05-06 00:38:34', '2023-05-06 00:38:34'),
(456, 456, 117, '2023-05-06 00:39:01', '2023-05-06 00:39:01'),
(457, 457, 118, '2023-05-06 00:39:18', '2023-05-06 00:39:18'),
(458, 458, 148, '2023-05-06 00:52:20', '2023-05-06 00:52:20'),
(459, 459, 18, '2023-05-06 00:53:08', '2023-05-06 00:53:08'),
(460, 460, 148, '2023-05-06 00:54:14', '2023-05-06 00:54:14'),
(461, 461, 148, '2023-05-06 00:55:57', '2023-05-06 00:55:57'),
(462, 462, 148, '2023-05-06 00:56:42', '2023-05-06 00:56:42'),
(463, 463, 146, '2023-05-06 00:57:34', '2023-05-06 00:57:34'),
(464, 464, 147, '2023-05-06 00:58:25', '2023-05-06 00:58:25'),
(465, 465, 148, '2023-05-06 00:58:45', '2023-05-06 00:58:45'),
(466, 466, 148, '2023-05-06 00:59:45', '2023-05-06 00:59:45'),
(467, 467, 15, '2023-05-06 01:05:44', '2023-05-06 01:05:44'),
(468, 468, 15, '2023-05-06 01:06:48', '2023-05-06 01:06:48'),
(469, 469, 15, '2023-05-06 01:07:33', '2023-05-06 01:07:33'),
(470, 470, 15, '2023-05-06 01:08:21', '2023-05-06 01:08:21'),
(471, 471, 149, '2023-05-06 01:15:13', '2023-05-06 01:15:13'),
(472, 472, 43, '2023-05-06 01:16:43', '2023-05-06 01:16:43'),
(473, 473, 150, '2023-05-06 01:17:53', '2023-05-06 01:17:53'),
(474, 474, 25, '2023-05-06 08:19:48', '2023-05-06 08:19:48'),
(475, 475, 25, '2023-05-06 08:21:10', '2023-05-06 08:21:10'),
(476, 476, 92, '2023-05-06 08:22:00', '2023-05-06 08:22:00'),
(477, 477, 65, '2023-05-06 08:23:17', '2023-05-06 08:23:17'),
(478, 478, 53, '2023-05-06 08:23:58', '2023-05-06 08:23:58'),
(479, 479, 47, '2023-05-06 08:27:05', '2023-05-06 08:27:05'),
(480, 480, 47, '2023-05-06 08:27:34', '2023-05-06 08:27:34'),
(481, 481, 47, '2023-05-06 08:29:17', '2023-05-06 08:29:17'),
(482, 482, 115, '2023-05-06 08:30:55', '2023-05-06 08:30:55'),
(483, 483, 115, '2023-05-06 08:31:22', '2023-05-06 08:31:22'),
(484, 484, 67, '2023-05-06 08:33:36', '2023-05-06 08:33:36'),
(485, 485, 67, '2023-05-06 08:51:05', '2023-05-06 08:51:05'),
(486, 486, 66, '2023-05-06 08:52:36', '2023-05-06 08:52:36'),
(487, 487, 125, '2023-05-06 08:54:01', '2023-05-06 08:54:01'),
(488, 488, 22, '2023-05-06 08:56:37', '2023-05-06 08:56:37'),
(489, 489, 22, '2023-05-06 08:56:59', '2023-05-06 08:56:59'),
(490, 490, 105, '2023-05-06 08:59:59', '2023-05-06 08:59:59'),
(491, 491, 106, '2023-05-06 09:00:48', '2023-05-06 09:00:48'),
(492, 492, 105, '2023-05-06 09:04:41', '2023-05-06 09:04:41'),
(493, 493, 106, '2023-05-06 09:05:09', '2023-05-06 09:05:09'),
(494, 494, 40, '2023-05-06 09:11:50', '2023-05-06 09:11:50'),
(495, 495, 40, '2023-05-06 09:13:29', '2023-05-06 09:13:29'),
(496, 496, 153, '2023-05-06 09:15:10', '2023-05-06 09:15:10'),
(497, 497, 38, '2023-05-06 09:15:30', '2023-05-06 09:15:30'),
(498, 498, 38, '2023-05-06 09:15:55', '2023-05-06 09:15:55'),
(499, 499, 124, '2023-05-06 09:16:42', '2023-05-06 09:16:42'),
(500, 500, 123, '2023-05-06 09:17:14', '2023-05-06 09:17:14'),
(501, 501, 5, '2023-05-06 09:18:21', '2023-05-06 09:18:21'),
(502, 502, 5, '2023-05-06 09:18:48', '2023-05-06 09:18:48'),
(503, 503, 38, '2023-05-06 09:19:52', '2023-05-06 09:19:52'),
(504, 504, 38, '2023-05-06 09:20:22', '2023-05-06 09:20:22'),
(505, 505, 38, '2023-05-06 09:22:54', '2023-05-06 09:22:54'),
(506, 506, 38, '2023-05-06 09:23:37', '2023-05-06 09:23:37'),
(507, 507, 128, '2023-05-06 09:33:52', '2023-05-06 09:33:52'),
(508, 508, 128, '2023-05-06 09:34:29', '2023-05-06 09:34:29'),
(509, 509, 128, '2023-05-06 09:35:09', '2023-05-06 09:35:09'),
(510, 510, 47, '2023-05-10 08:43:38', '2023-05-10 08:43:38'),
(511, 511, 47, '2023-05-10 08:44:51', '2023-05-10 08:44:51'),
(512, 512, 47, '2023-05-10 08:50:27', '2023-05-10 08:50:27'),
(513, 513, 25, '2023-05-10 08:51:38', '2023-05-10 08:51:38'),
(514, 514, 122, '2023-05-10 08:55:21', '2023-05-10 08:55:21'),
(515, 515, 25, '2023-05-10 09:04:44', '2023-05-10 09:04:44'),
(516, 516, 25, '2023-05-10 09:06:11', '2023-05-10 09:06:11'),
(517, 517, 71, '2023-05-11 08:26:27', '2023-05-11 08:26:27'),
(518, 518, 58, '2023-05-11 08:34:32', '2023-05-11 08:34:32'),
(519, 519, 58, '2023-05-11 08:35:10', '2023-05-11 08:35:10'),
(520, 520, 64, '2023-05-11 08:35:45', '2023-05-11 08:35:45'),
(521, 521, 64, '2023-05-11 08:37:41', '2023-05-11 08:37:41'),
(522, 522, 64, '2023-05-11 08:38:26', '2023-05-11 08:38:26'),
(523, 523, 57, '2023-05-11 08:39:35', '2023-05-11 08:39:35'),
(524, 524, 57, '2023-05-11 08:46:12', '2023-05-11 08:46:12'),
(525, 525, 95, '2023-05-11 08:46:51', '2023-05-11 08:46:51'),
(526, 526, 155, '2023-05-11 08:47:49', '2023-05-11 08:47:49'),
(527, 527, 155, '2023-05-11 08:48:24', '2023-05-11 08:48:24'),
(528, 528, 155, '2023-05-11 08:48:54', '2023-05-11 08:48:54'),
(529, 529, 28, '2023-05-11 08:49:24', '2023-05-11 08:49:24'),
(530, 530, 105, '2023-05-11 08:50:12', '2023-05-11 08:50:12'),
(531, 531, 106, '2023-05-11 08:50:46', '2023-05-11 08:50:46'),
(532, 532, 105, '2023-05-11 08:53:05', '2023-05-11 08:53:05'),
(533, 533, 106, '2023-05-11 08:54:28', '2023-05-11 08:54:28'),
(534, 534, 105, '2023-05-11 08:57:50', '2023-05-11 08:57:50'),
(535, 535, 51, '2023-05-11 09:12:33', '2023-05-11 09:12:33'),
(536, 536, 51, '2023-05-11 09:25:57', '2023-05-11 09:25:57'),
(537, 537, 50, '2023-05-11 09:26:38', '2023-05-11 09:26:38'),
(538, 538, 50, '2023-05-11 09:27:01', '2023-05-11 09:27:01'),
(539, 539, 88, '2023-05-11 09:27:33', '2023-05-11 09:27:33'),
(540, 540, 75, '2023-05-11 09:28:56', '2023-05-11 09:28:56'),
(541, 541, 50, '2023-05-11 09:30:04', '2023-05-11 09:30:04'),
(542, 542, 51, '2023-05-11 09:30:45', '2023-05-11 09:30:45'),
(543, 543, 75, '2023-05-11 09:34:45', '2023-05-11 09:34:45'),
(544, 544, 50, '2023-05-11 09:36:08', '2023-05-11 09:36:08'),
(545, 545, 104, '2023-05-20 01:00:22', '2023-05-20 01:00:22'),
(546, 546, 35, '2023-05-20 01:03:21', '2023-05-20 01:03:21'),
(547, 547, 35, '2023-05-20 01:05:15', '2023-05-20 01:05:15'),
(548, 548, 35, '2023-05-20 01:05:48', '2023-05-20 01:05:48'),
(549, 549, 35, '2023-05-20 01:08:02', '2023-05-20 01:08:02'),
(550, 550, 104, '2023-05-20 01:08:56', '2023-05-20 01:08:56'),
(551, 551, 104, '2023-05-20 01:11:07', '2023-05-20 01:11:07'),
(552, 552, 112, '2023-05-20 01:12:10', '2023-05-20 01:12:10'),
(553, 553, 112, '2023-05-20 01:13:27', '2023-05-20 01:13:27'),
(554, 554, 112, '2023-05-20 01:14:06', '2023-05-20 01:14:06'),
(555, 555, 112, '2023-05-20 01:14:36', '2023-05-20 01:14:36'),
(556, 556, 35, '2023-05-20 01:16:50', '2023-05-20 01:16:50'),
(557, 557, 34, '2023-05-20 01:17:34', '2023-05-20 01:17:34'),
(558, 558, 112, '2023-05-20 01:17:59', '2023-05-20 01:17:59'),
(559, 559, 112, '2023-05-20 01:18:37', '2023-05-20 01:18:37'),
(560, 560, 110, '2023-05-20 01:19:40', '2023-05-20 01:19:40'),
(561, 561, 109, '2023-05-20 01:20:08', '2023-05-20 01:20:08'),
(562, 562, 110, '2023-05-20 01:20:42', '2023-05-20 01:20:42'),
(563, 563, 109, '2023-05-20 01:21:14', '2023-05-20 01:21:14'),
(564, 564, 33, '2023-05-20 01:22:41', '2023-05-20 01:22:41'),
(565, 565, 110, '2023-05-20 01:23:15', '2023-05-20 01:23:15'),
(566, 566, 109, '2023-05-20 01:23:32', '2023-05-20 01:23:32'),
(567, 567, 98, '2023-05-20 01:25:52', '2023-05-20 01:25:52'),
(568, 568, 98, '2023-05-20 01:26:18', '2023-05-20 01:26:18'),
(569, 569, 98, '2023-05-20 01:26:58', '2023-05-20 01:26:58'),
(570, 570, 98, '2023-05-20 01:27:26', '2023-05-20 01:27:26'),
(571, 571, 34, '2023-05-20 01:28:34', '2023-05-20 01:28:34'),
(572, 572, 8, '2023-05-20 01:33:14', '2023-05-20 01:33:14'),
(573, 573, 94, '2023-05-20 01:33:52', '2023-05-20 01:33:52'),
(574, 574, 8, '2023-05-20 01:38:02', '2023-05-20 01:38:02'),
(575, 575, 8, '2023-05-20 01:40:14', '2023-05-20 01:40:14'),
(576, 576, 121, '2023-05-20 01:45:12', '2023-05-20 01:45:12'),
(577, 577, 121, '2023-05-20 01:45:35', '2023-05-20 01:45:35'),
(578, 578, 121, '2023-05-20 01:45:55', '2023-05-20 01:45:55'),
(579, 579, 121, '2023-05-20 01:48:05', '2023-05-20 01:48:05'),
(580, 580, 121, '2023-05-20 01:48:27', '2023-05-20 01:48:27'),
(581, 581, 121, '2023-05-20 01:48:50', '2023-05-20 01:48:50'),
(582, 582, 121, '2023-05-20 01:49:12', '2023-05-20 01:49:12'),
(583, 583, 121, '2023-05-20 01:49:37', '2023-05-20 01:49:37'),
(584, 584, 121, '2023-05-20 01:51:13', '2023-05-20 01:51:13'),
(585, 585, 74, '2023-05-20 02:20:13', '2023-05-20 02:20:13'),
(586, 586, 73, '2023-05-20 02:21:26', '2023-05-20 02:21:26'),
(587, 587, 74, '2023-05-20 02:22:08', '2023-05-20 02:22:08'),
(588, 588, 73, '2023-05-20 02:22:36', '2023-05-20 02:22:36'),
(589, 589, 73, '2023-05-20 02:23:00', '2023-05-20 02:23:00'),
(590, 590, 74, '2023-05-20 02:23:24', '2023-05-20 02:23:24'),
(591, 591, 70, '2023-05-20 02:26:50', '2023-05-20 02:26:50'),
(592, 592, 89, '2023-05-20 06:31:43', '2023-05-20 06:31:43'),
(593, 593, 70, '2023-05-20 06:32:44', '2023-05-20 06:32:44'),
(594, 594, 89, '2023-05-20 06:33:55', '2023-05-20 06:33:55'),
(595, 595, 59, '2023-05-20 06:50:24', '2023-05-20 06:50:24'),
(596, 596, 70, '2023-05-20 06:51:39', '2023-05-20 06:51:39'),
(597, 597, 70, '2023-05-20 06:53:08', '2023-05-20 06:53:08'),
(598, 598, 59, '2023-05-20 06:54:18', '2023-05-20 06:54:18'),
(599, 599, 71, '2023-05-20 06:58:50', '2023-05-20 06:58:50'),
(600, 600, 59, '2023-05-20 06:59:54', '2023-05-20 06:59:54'),
(601, 601, 107, '2023-05-20 07:01:57', '2023-05-20 07:01:57'),
(602, 602, 21, '2023-05-20 07:07:05', '2023-05-20 07:07:05'),
(603, 603, 21, '2023-05-20 07:08:44', '2023-05-20 07:08:44'),
(604, 604, 21, '2023-05-20 07:09:34', '2023-05-20 07:09:34'),
(605, 605, 53, '2023-05-20 07:12:58', '2023-05-20 07:12:58'),
(606, 606, 79, '2023-05-20 07:18:07', '2023-05-20 07:18:07'),
(607, 607, 79, '2023-05-20 07:22:35', '2023-05-20 07:22:35'),
(608, 608, 65, '2023-05-20 07:27:38', '2023-05-20 07:27:38'),
(609, 609, 65, '2023-05-20 07:28:28', '2023-05-20 07:28:28'),
(610, 610, 65, '2023-05-20 07:30:14', '2023-05-20 07:30:14'),
(611, 611, 53, '2023-05-20 07:32:44', '2023-05-20 07:32:44'),
(612, 612, 53, '2023-05-20 07:33:21', '2023-05-20 07:33:21'),
(613, 613, 116, '2023-05-20 07:36:55', '2023-05-20 07:36:55'),
(614, 614, 116, '2023-05-20 07:37:16', '2023-05-20 07:37:16'),
(615, 615, 8, '2023-05-20 07:40:37', '2023-05-20 07:40:37'),
(616, 616, 94, '2023-05-20 07:41:35', '2023-05-20 07:41:35'),
(617, 617, 94, '2023-05-20 07:42:57', '2023-05-20 07:42:57'),
(618, 618, 38, '2023-05-20 07:45:00', '2023-05-20 07:45:00'),
(619, 619, 8, '2023-05-20 07:45:51', '2023-05-20 07:45:51'),
(620, 620, 106, '2023-05-20 07:46:54', '2023-05-20 07:46:54'),
(621, 621, 105, '2023-05-20 07:47:24', '2023-05-20 07:47:24'),
(622, 622, 157, '2023-05-20 07:55:44', '2023-05-20 07:55:44'),
(623, 623, 105, '2023-05-20 08:03:42', '2023-05-20 08:03:42'),
(624, 624, 105, '2023-05-20 08:06:38', '2023-05-20 08:06:38'),
(625, 625, 15, '2023-05-20 08:07:30', '2023-05-20 08:07:30'),
(626, 626, 147, '2023-05-20 08:08:27', '2023-05-20 08:08:27'),
(627, 627, 15, '2023-05-20 08:16:17', '2023-05-20 08:16:17'),
(628, 628, 18, '2023-05-20 08:16:55', '2023-05-20 08:16:55'),
(629, 629, 15, '2023-05-20 08:18:23', '2023-05-20 08:18:23'),
(630, 630, 15, '2023-05-20 08:19:14', '2023-05-20 08:19:14'),
(631, 631, 148, '2023-05-20 08:24:10', '2023-05-20 08:24:10'),
(632, 632, 148, '2023-05-20 08:25:32', '2023-05-20 08:25:32'),
(633, 633, 148, '2023-05-20 08:28:29', '2023-05-20 08:28:29'),
(634, 634, 148, '2023-05-20 08:30:09', '2023-05-20 08:30:09'),
(635, 635, 148, '2023-05-20 08:31:29', '2023-05-20 08:31:29'),
(636, 636, 148, '2023-05-20 08:42:41', '2023-05-20 08:42:41'),
(637, 637, 15, '2023-05-20 08:45:42', '2023-05-20 08:45:42'),
(638, 638, 15, '2023-05-20 08:46:23', '2023-05-20 08:46:23'),
(639, 639, 15, '2023-05-20 08:47:16', '2023-05-20 08:47:16'),
(640, 640, 148, '2023-05-20 08:48:24', '2023-05-20 08:48:24'),
(641, 641, 15, '2023-05-20 08:50:26', '2023-05-20 08:50:26'),
(642, 642, 148, '2023-05-20 08:51:53', '2023-05-20 08:51:53'),
(643, 643, 148, '2023-05-20 08:52:28', '2023-05-20 08:52:28'),
(644, 644, 146, '2023-05-20 08:53:33', '2023-05-20 08:53:33'),
(645, 645, 18, '2023-05-20 08:54:30', '2023-05-20 08:54:30'),
(646, 646, 15, '2023-05-20 08:56:04', '2023-05-20 08:56:04'),
(647, 647, 115, '2023-05-20 09:05:34', '2023-05-20 09:05:34'),
(648, 648, 115, '2023-05-20 09:06:05', '2023-05-20 09:06:05'),
(649, 649, 66, '2023-05-20 09:06:58', '2023-05-20 09:06:58'),
(650, 650, 115, '2023-05-20 09:08:29', '2023-05-20 09:08:29'),
(651, 651, 49, '2023-05-20 09:10:12', '2023-05-20 09:10:12'),
(652, 652, 95, '2023-05-20 09:11:45', '2023-05-20 09:11:45'),
(653, 653, 69, '2023-05-20 09:12:33', '2023-05-20 09:12:33'),
(654, 654, 135, '2023-05-20 09:15:05', '2023-05-20 09:15:05'),
(655, 655, 85, '2023-05-20 09:16:19', '2023-05-20 09:16:19'),
(656, 656, 85, '2023-05-20 09:17:46', '2023-05-20 09:17:46'),
(657, 657, 136, '2023-05-20 09:19:04', '2023-05-20 09:19:04'),
(658, 658, 72, '2023-05-20 09:21:53', '2023-05-20 09:21:53'),
(659, 659, 72, '2023-05-20 09:24:18', '2023-05-20 09:24:18'),
(660, 660, 72, '2023-05-20 09:25:20', '2023-05-20 09:25:20'),
(661, 661, 136, '2023-05-20 09:25:53', '2023-05-20 09:25:53'),
(662, 662, 85, '2023-05-20 09:26:29', '2023-05-20 09:26:29'),
(663, 663, 48, '2023-05-21 07:25:31', '2023-05-21 07:25:31'),
(664, 664, 162, '2023-05-21 07:34:58', '2023-05-21 07:34:58'),
(665, 665, 115, '2023-05-21 07:37:13', '2023-05-21 07:37:13'),
(666, 666, 125, '2023-05-21 07:47:59', '2023-05-21 07:47:59'),
(667, 667, 125, '2023-05-21 07:52:42', '2023-05-21 07:52:42'),
(668, 668, 67, '2023-05-21 07:54:05', '2023-05-21 07:54:05'),
(669, 669, 67, '2023-05-21 07:55:01', '2023-05-21 07:55:01'),
(670, 670, 125, '2023-05-21 07:57:00', '2023-05-21 07:57:00'),
(671, 671, 22, '2023-05-21 07:57:40', '2023-05-21 07:57:40'),
(672, 672, 22, '2023-05-21 07:58:20', '2023-05-21 07:58:20'),
(673, 673, 125, '2023-05-21 07:59:14', '2023-05-21 07:59:14'),
(674, 674, 66, '2023-05-21 08:00:06', '2023-05-21 08:00:06'),
(675, 675, 22, '2023-05-21 08:01:29', '2023-05-21 08:01:29'),
(676, 676, 38, '2023-05-21 08:16:23', '2023-05-21 08:16:23'),
(677, 677, 38, '2023-05-21 08:17:27', '2023-05-21 08:17:27'),
(678, 678, 38, '2023-05-21 08:17:43', '2023-05-21 08:17:43'),
(679, 679, 38, '2023-05-21 08:18:58', '2023-05-21 08:18:58'),
(680, 680, 153, '2023-05-21 08:19:28', '2023-05-21 08:19:28'),
(681, 681, 5, '2023-05-21 08:21:33', '2023-05-21 08:21:33'),
(682, 682, 5, '2023-05-21 08:22:26', '2023-05-21 08:22:26'),
(683, 683, 124, '2023-05-21 08:24:46', '2023-05-21 08:24:46'),
(684, 684, 5, '2023-05-21 08:25:21', '2023-05-21 08:25:21'),
(685, 685, 38, '2023-05-21 08:26:20', '2023-05-21 08:26:20'),
(686, 686, 38, '2023-05-21 08:26:52', '2023-05-21 08:26:52'),
(687, 687, 153, '2023-05-21 08:27:24', '2023-05-21 08:27:24'),
(688, 688, 5, '2023-05-21 08:27:44', '2023-05-21 08:27:44'),
(689, 689, 5, '2023-05-21 08:28:09', '2023-05-21 08:28:09'),
(690, 690, 123, '2023-05-21 08:29:25', '2023-05-21 08:29:25'),
(691, 691, 123, '2023-05-21 08:30:08', '2023-05-21 08:30:08'),
(692, 692, 40, '2023-05-21 08:31:11', '2023-05-21 08:31:11'),
(693, 693, 40, '2023-05-21 08:31:57', '2023-05-21 08:31:57'),
(694, 694, 121, '2023-05-21 08:36:05', '2023-05-21 08:36:05'),
(695, 695, 38, '2023-05-21 08:36:50', '2023-05-21 08:36:50'),
(696, 696, 38, '2023-05-21 08:37:41', '2023-05-21 08:37:41'),
(697, 697, 38, '2023-05-21 08:38:22', '2023-05-21 08:38:22'),
(698, 698, 68, '2023-05-21 08:39:17', '2023-05-21 08:39:17'),
(699, 699, 68, '2023-05-21 08:39:34', '2023-05-21 08:39:34'),
(700, 700, 68, '2023-05-21 08:40:19', '2023-05-21 08:40:19'),
(701, 701, 47, '2023-05-21 08:40:37', '2023-05-21 08:40:37'),
(702, 702, 47, '2023-05-21 08:41:21', '2023-05-21 08:41:21'),
(703, 703, 123, '2023-05-21 08:43:09', '2023-05-21 08:43:09'),
(704, 704, 123, '2023-05-21 08:43:57', '2023-05-21 08:43:57'),
(705, 705, 124, '2023-05-21 08:44:35', '2023-05-21 08:44:35'),
(706, 706, 53, '2023-05-21 08:45:33', '2023-05-21 08:45:33'),
(707, 707, 53, '2023-05-21 08:46:37', '2023-05-21 08:46:37'),
(708, 708, 163, '2023-05-21 08:48:36', '2023-05-21 08:48:36');

-- --------------------------------------------------------

--
-- Table structure for table `failed_jobs`
--

CREATE TABLE `failed_jobs` (
  `id` bigint(20) UNSIGNED NOT NULL,
  `uuid` varchar(255) NOT NULL,
  `connection` text NOT NULL,
  `queue` text NOT NULL,
  `payload` longtext NOT NULL,
  `exception` longtext NOT NULL,
  `failed_at` timestamp NOT NULL DEFAULT current_timestamp()
) ENGINE=InnoDB DEFAULT CHARSET=utf8mb4 COLLATE=utf8mb4_unicode_ci;

-- --------------------------------------------------------

--
-- Table structure for table `general_infos`
--

CREATE TABLE `general_infos` (
  `id` bigint(20) UNSIGNED NOT NULL,
  `name` varchar(255) NOT NULL,
  `description` varchar(250) DEFAULT NULL,
  `category_id` int(11) NOT NULL,
  `created_at` timestamp NULL DEFAULT NULL,
  `updated_at` timestamp NULL DEFAULT NULL
) ENGINE=InnoDB DEFAULT CHARSET=utf8mb4 COLLATE=utf8mb4_unicode_ci;

--
-- Dumping data for table `general_infos`
--

INSERT INTO `general_infos` (`id`, `name`, `description`, `category_id`, `created_at`, `updated_at`) VALUES
(1, 'Head Light', '', 1, '2023-04-06 07:45:59', '2023-04-06 07:45:59'),
(2, 'U LOCK', '', 2, '2023-04-06 07:50:56', '2023-04-06 07:50:56'),
(3, 'CLUTCH HUB', '', 3, '2023-04-06 08:08:17', '2023-04-06 08:08:17'),
(4, 'CLUTCH CENTER', '', 3, '2023-04-06 08:09:37', '2023-04-06 08:09:37'),
(5, 'DRUM RUBBER', '', 3, '2023-04-06 08:10:44', '2023-04-06 08:10:44'),
(6, 'HENDLE T', '', 3, '2023-04-06 08:11:19', '2023-04-06 08:11:19'),
(7, 'CAM', '', 3, '2023-04-06 08:14:44', '2023-04-06 08:14:44'),
(8, 'CLUTCH PLATE', '', 3, '2023-04-06 08:15:39', '2023-04-06 08:15:39'),
(9, 'RADIATOR', '', 3, '2023-04-06 08:22:12', '2023-04-06 08:22:12'),
(10, 'STARTER CLUTCH OUTER', '', 3, '2023-04-06 08:23:01', '2023-04-06 08:23:01'),
(11, 'MIRROR / LOOKING GLASS RIGHT', '', 3, '2023-04-06 08:25:44', '2023-05-20 06:42:52'),
(12, 'MIRROR / LOOKING GLASS LEFT', '', 3, '2023-04-06 08:26:06', '2023-05-20 06:42:40'),
(13, 'ECU UNIT-A', '', 3, '2023-04-06 08:26:59', '2023-04-06 08:26:59'),
(14, 'Acc Cable', '', 3, '2023-04-23 07:55:26', '2023-04-23 07:55:26'),
(15, 'CLUTCH CABLE', '', 3, '2023-04-23 08:03:41', '2023-04-23 08:03:41'),
(16, 'ACC CABLE 1', '', 3, '2023-04-23 08:08:58', '2023-05-20 08:22:46'),
(17, 'ACC CABLE 2', '', 3, '2023-04-23 08:09:53', '2023-04-23 08:09:53'),
(18, 'STARTER CABLE 1 (CHOCK)', '', 3, '2023-04-23 08:12:38', '2023-04-23 08:12:38'),
(19, 'ACC CABLE INDO', '', 3, '2023-04-23 08:21:05', '2023-04-23 08:21:05'),
(20, 'CLUTHC CABLE INDO', '', 3, '2023-04-23 08:23:48', '2023-04-23 08:23:48'),
(21, 'SHOCK ABBSORVER', '', 3, '2023-04-23 08:38:24', '2023-04-23 08:38:24'),
(22, 'FORK ROD', '', 3, '2023-04-23 08:39:54', '2023-04-23 08:39:54'),
(23, 'SILENCER CAP', '', 3, '2023-04-23 08:40:23', '2023-04-23 08:40:23'),
(24, 'CHAIN SET', '', 3, '2023-04-23 08:41:09', '2023-04-23 08:41:09'),
(25, 'BACK CHECHIS BUSH', '', 3, '2023-04-23 08:41:41', '2023-05-11 21:47:43'),
(26, 'BRAKE PAD', '', 3, '2023-04-23 08:42:33', '2023-04-23 08:42:33'),
(27, 'BRAKE SHOE', '', 3, '2023-04-23 08:42:54', '2023-04-23 08:42:54'),
(28, 'CYLINDER BLOCK', '', 3, '2023-04-23 08:43:09', '2023-04-23 08:43:09'),
(29, 'VALVE', '', 3, '2023-04-23 08:43:55', '2023-04-23 08:43:55'),
(30, 'VALVE SEAL', '', 3, '2023-04-23 08:44:06', '2023-04-23 08:44:06'),
(31, 'CAM', '', 3, '2023-04-23 08:44:14', '2023-04-23 08:44:14'),
(32, 'ROCKER', '', 3, '2023-04-23 08:44:23', '2023-04-23 08:44:23'),
(33, 'GURDER', '', 3, '2023-04-23 08:44:31', '2023-04-23 08:44:31'),
(34, 'ADJUSTOR', '', 3, '2023-04-23 08:45:07', '2023-04-23 08:45:07'),
(35, 'TIMMING CHAIN', '', 3, '2023-04-23 08:45:16', '2023-04-23 08:45:16'),
(36, 'CONNECTING ROD', '', 3, '2023-04-23 08:45:29', '2023-04-23 08:45:29'),
(37, 'CONNECTING BEARING', '', 3, '2023-04-23 08:45:43', '2023-04-23 08:45:43'),
(38, 'AIR FILTER', '', 3, '2023-04-23 08:46:03', '2023-04-23 08:46:03'),
(39, 'OIL FILTER', '', 3, '2023-04-23 08:46:11', '2023-04-23 08:46:11'),
(40, 'SPARK PLUG', '', 3, '2023-04-23 08:46:24', '2023-04-23 08:46:24'),
(41, 'GEAR LEAVER', '', 3, '2023-04-23 08:47:20', '2023-04-23 08:47:20'),
(42, 'BREAK LEAVER  REAR', '', 3, '2023-04-23 08:47:37', '2023-04-23 08:47:37'),
(43, 'CLUTCH LEAVER', '', 3, '2023-04-23 08:48:00', '2023-04-23 08:48:00'),
(44, 'BREAK LEAVER FRONT', '', 3, '2023-04-23 08:48:19', '2023-04-23 08:48:19'),
(45, 'CLUTCH SWITCH', '', 3, '2023-04-23 08:48:30', '2023-04-23 08:48:30'),
(46, 'HENDLE', '', 3, '2023-04-23 08:50:09', '2023-04-23 08:50:09'),
(47, 'BALL RACER', '', 3, '2023-04-23 08:50:20', '2023-04-23 08:50:20'),
(48, 'FORK SPRING', '', 3, '2023-04-23 08:50:30', '2023-04-23 08:50:30'),
(49, 'HANDLE GRIP', '', 3, '2023-04-23 08:51:12', '2023-04-23 08:51:12'),
(50, 'SWITCH CHAPA R', '', 3, '2023-04-23 08:51:36', '2023-04-23 08:51:36'),
(51, 'SWITCH CHAPA L', '', 3, '2023-04-23 08:51:43', '2023-04-23 08:51:43'),
(52, 'HANDLE GUTLI', '', 3, '2023-04-23 08:52:12', '2023-04-23 08:52:12'),
(53, 'HEAD GASKET', '', 3, '2023-04-23 08:52:52', '2023-04-23 08:52:52'),
(54, 'SENSOR CABLE', '', 3, '2023-04-23 08:53:38', '2023-04-23 08:53:38'),
(55, 'FUEL COCK (PUMP)', '', 3, '2023-04-23 08:53:56', '2023-04-23 08:53:56'),
(56, 'TAIL LIGHT', '', 3, '2023-04-23 08:54:07', '2023-04-23 08:54:07'),
(57, 'INDICATOR REAR', '', 3, '2023-04-23 08:54:45', '2023-04-23 08:54:45'),
(58, 'INDICATOR FRONT', '', 3, '2023-04-23 08:54:52', '2023-04-23 08:54:52'),
(59, 'LOCK SET', '', 3, '2023-04-23 09:02:03', '2023-04-23 09:02:03'),
(60, 'CURBORATOR', '', 3, '2023-04-23 09:02:19', '2023-04-23 09:02:19'),
(61, 'THROTLE BODY', '', 3, '2023-04-23 09:02:29', '2023-04-23 09:02:29'),
(62, 'RADIATOR FAN', '', 3, '2023-04-23 09:02:42', '2023-04-23 09:02:42'),
(63, 'CALIPER', '', 3, '2023-04-23 09:03:12', '2023-04-23 09:03:12'),
(64, 'MASTER CYLINDER', '', 3, '2023-04-23 09:04:22', '2023-04-23 09:04:22'),
(65, 'BOCKET', '', 3, '2023-04-23 09:04:31', '2023-04-23 09:04:31'),
(66, 'DOUBLE STAND', '', 3, '2023-04-23 09:05:10', '2023-04-23 09:05:10'),
(67, 'SINGLE STAND', '', 3, '2023-04-23 09:05:17', '2023-04-23 09:05:17'),
(68, 'FORK SEAL', '', 3, '2023-04-23 09:06:02', '2023-04-23 09:06:02'),
(69, 'HEAD LIGHT', '', 3, '2023-04-23 09:06:12', '2023-04-23 09:06:12'),
(70, 'SELF MOTOR', '', 3, '2023-04-23 09:06:51', '2023-04-23 09:06:51'),
(71, 'RECTIFIRE', '', 3, '2023-04-23 09:07:22', '2023-04-23 09:07:22'),
(72, 'ARMATURE COIL', '', 3, '2023-04-23 09:08:27', '2023-04-23 09:08:27'),
(73, 'DISC FRONT', '', 3, '2023-04-23 09:09:07', '2023-05-20 06:37:20'),
(74, 'DISC REAR', '', 3, '2023-04-23 09:09:14', '2023-05-20 06:37:30'),
(75, 'FLASHER RELAY', '', 3, '2023-04-23 09:09:27', '2023-04-23 09:09:27'),
(76, 'LOOKING GLASS L', '', 3, '2023-04-23 09:10:17', '2023-04-23 09:10:17'),
(77, 'LOOKING GLASS R', '', 3, '2023-04-23 09:10:24', '2023-04-23 09:10:24'),
(78, 'FOOT REAST', '', 3, '2023-04-23 09:12:19', '2023-04-23 09:12:19'),
(79, 'SELF CARBON', '', 3, '2023-04-23 09:12:32', '2023-04-23 09:12:32'),
(80, 'VISOR', '', 3, '2023-04-23 09:12:44', '2023-04-23 09:12:44'),
(81, 'TYRE', '', 3, '2023-04-23 09:13:27', '2023-04-23 09:13:27'),
(82, 'CLUTCH SPRING', '', 3, '2023-04-23 09:13:51', '2023-04-23 09:13:51'),
(83, 'CLUTCH OUTER', '', 3, '2023-04-23 09:17:11', '2023-04-23 09:17:11'),
(84, 'ENGINE SEAL', '', 3, '2023-04-23 09:17:20', '2023-04-23 09:17:20'),
(85, 'CARBURETO ASSY 1', '', 3, '2023-04-29 08:18:49', '2023-04-29 08:18:49'),
(86, 'LEVER, CAMSHAFT', 'FOOT BRACKET CLUTCH LEVER', 3, '2023-04-29 08:30:46', '2023-04-29 08:30:46'),
(87, 'FOOTREST FULL SET ASSY 2-RH', '', 3, '2023-04-29 08:45:43', '2023-04-29 08:45:43'),
(88, 'YOKE CHAPA-HOLDER LEVER 1', '', 3, '2023-04-29 08:57:50', '2023-04-29 08:57:50'),
(89, 'STARTER RELAY ASSY', '', 3, '2023-04-29 09:08:11', '2023-04-29 09:08:11'),
(90, 'RADIATOR RELAY', '', 3, '2023-04-29 09:10:39', '2023-04-29 09:10:39'),
(91, 'RELAY ', '', 3, '2023-04-29 09:12:40', '2023-04-29 09:12:40'),
(92, 'SPARK PLUG CAP', '', 3, '2023-04-29 09:14:06', '2023-04-29 09:14:06'),
(93, 'CALIPER SEAL KIT', '', 3, '2023-04-29 09:20:31', '2023-04-29 09:20:31'),
(94, 'PRESSURE PLATE', '', 3, '2023-04-29 09:31:44', '2023-04-29 09:31:44'),
(95, 'SPEED0METER ASSY', '', 3, '2023-04-29 09:44:18', '2023-04-29 09:44:18'),
(96, 'SENDER ASSY BOYA', '', 3, '2023-04-29 09:45:36', '2023-04-29 09:45:36'),
(97, 'PUSH ROD 2', '', 3, '2023-04-29 09:53:08', '2023-04-29 09:53:08'),
(98, 'CAMSHAFT', '', 3, '2023-04-29 09:55:06', '2023-04-29 09:55:06'),
(99, 'DECOMPRESSION ASSY', '', 3, '2023-04-29 09:57:12', '2023-04-29 09:57:12'),
(100, 'SHIFT SHAFT ASSY', '', 3, '2023-04-29 10:00:18', '2023-04-29 10:00:18'),
(101, 'OIL SEAL', '', 3, '2023-04-29 10:01:29', '2023-04-29 10:01:29'),
(102, 'PUSH ROD 1', '', 3, '2023-04-29 10:02:30', '2023-04-29 10:02:30'),
(103, 'OIL PUMP', '', 3, '2023-04-29 10:09:27', '2023-04-29 10:09:27'),
(104, 'ROCKER ARM, VALVE', '', 3, '2023-04-29 10:11:30', '2023-04-29 10:11:30'),
(105, 'CLUTCH PLATE, BATI', '', 3, '2023-04-29 10:17:48', '2023-04-29 10:17:48'),
(106, 'CLUTCH PLATE, BATI 2', '', 3, '2023-04-29 10:18:17', '2023-04-29 10:18:17'),
(107, 'SPEED SENSOR', '', 3, '2023-04-29 10:24:23', '2023-04-29 10:24:23'),
(108, 'VALVE SEAL STEM', '', 3, '2023-04-29 10:32:39', '2023-04-29 10:32:39'),
(109, 'STOPPER GUIDE 2', '', 3, '2023-04-29 10:34:40', '2023-04-29 10:34:40'),
(110, 'STOPPER GUIDE 1', '', 3, '2023-04-29 10:34:47', '2023-04-29 10:34:47'),
(111, 'VALVE INTAKE', '', 3, '2023-04-29 10:38:27', '2023-04-29 10:38:27'),
(112, 'VALVE EXHAUST', '', 3, '2023-04-29 10:39:29', '2023-04-29 10:39:29'),
(113, 'ROCKER SHAFT PIN', '', 3, '2023-04-29 10:50:27', '2023-04-29 10:50:27'),
(114, 'BLOWER ASSY', '', 3, '2023-04-29 23:36:46', '2023-04-29 23:36:46'),
(115, 'UNDER BRACKET COMP', '', 3, '2023-04-29 23:43:24', '2023-04-29 23:43:24'),
(116, 'MIRROR / lOOKING GLASS', '', 3, '2023-04-29 23:50:51', '2023-04-29 23:50:51'),
(117, 'MIRROR / lOOKING GLASS  L', '', 3, '2023-04-29 23:53:20', '2023-04-29 23:53:20'),
(118, 'MIRROR / lOOKING GLASS R', '', 3, '2023-04-29 23:53:30', '2023-04-29 23:53:30'),
(119, 'HANDLE BAR L', '', 3, '2023-04-30 00:30:15', '2023-04-30 00:30:15'),
(120, 'HANDLE BAR R', '', 3, '2023-04-30 00:30:27', '2023-04-30 00:30:27'),
(121, 'CHAIN SPOCKET KIT', '', 3, '2023-04-30 00:35:40', '2023-04-30 00:35:40'),
(122, 'BACK CHESIS BUSH BEARING', '', 3, '2023-04-30 00:43:39', '2023-04-30 00:43:39'),
(123, 'BRAKE PAD REAR', '', 3, '2023-04-30 01:06:32', '2023-04-30 01:06:32'),
(124, 'BRAKE PAD FRONT', '', 3, '2023-04-30 01:06:46', '2023-04-30 01:06:46'),
(125, 'HANDLE BAR', '', 3, '2023-04-30 01:28:48', '2023-04-30 01:28:48'),
(126, 'LAMP ASSY REAR COMBINATION', '', 3, '2023-04-30 01:40:32', '2023-04-30 01:40:32'),
(127, 'HEAD LIGHT CLUMP', '', 3, '2023-04-30 01:47:21', '2023-04-30 01:47:21'),
(128, 'IGNITION COIL', '', 3, '2023-04-30 02:03:16', '2023-04-30 02:03:16'),
(129, 'FUEL INJECTOR', '', 3, '2023-04-30 02:04:40', '2023-04-30 02:04:40'),
(130, 'ENGINE CONTROL UNIT, ECU', '', 3, '2023-04-30 02:06:08', '2023-04-30 02:06:08'),
(131, 'ABS MOTOR SINGLE CHANNEL', '', 3, '2023-04-30 02:11:08', '2023-04-30 02:11:08'),
(132, 'C.D.I. UNIT ASSY', '', 3, '2023-04-30 02:15:56', '2023-04-30 02:15:56'),
(133, 'LICENSE LIGHT ASSY', '', 3, '2023-04-30 02:29:18', '2023-04-30 02:29:18'),
(134, 'MOUNTAIN BATI, HOUSING', '', 3, '2023-04-30 02:33:35', '2023-04-30 02:33:35'),
(135, 'CALIPER REAR', '', 3, '2023-04-30 02:40:24', '2023-04-30 02:40:24'),
(136, 'CALIPER FRONT', '', 3, '2023-04-30 02:40:34', '2023-04-30 02:40:34'),
(137, 'ABS SENSOR/SPEED', '', 3, '2023-04-30 09:45:45', '2023-04-30 09:45:45'),
(138, 'FOOT REST FRONT LEFT', '', 3, '2023-04-30 09:57:24', '2023-04-30 09:57:24'),
(139, 'FOOT REST FRONT RIGHT', '', 3, '2023-04-30 09:57:38', '2023-04-30 09:57:38'),
(140, 'FOOT REST REAR LEFT', '', 3, '2023-04-30 09:57:48', '2023-04-30 09:57:48'),
(141, 'FOOT REST REAR RIGHT', '', 3, '2023-04-30 09:58:01', '2023-04-30 09:58:01'),
(142, 'FOOTREST RUBBER', '', 3, '2023-04-30 09:59:42', '2023-04-30 09:59:42'),
(143, 'CLUTCH RELEASE', '', 3, '2023-04-30 10:03:03', '2023-04-30 10:03:03'),
(144, 'BRAKE SWITCH', '', 3, '2023-04-30 10:06:32', '2023-04-30 10:06:32'),
(145, 'FUEL TANK CAP', '', 3, '2023-04-30 10:08:26', '2023-04-30 10:08:26'),
(146, 'CABLE ASSY,  SPEEDOMETER', '', 3, '2023-04-30 10:16:31', '2023-04-30 10:16:31'),
(147, 'BRAKE CABLE', '', 3, '2023-04-30 10:19:10', '2023-04-30 10:19:10'),
(148, 'ACC CABLE', '', 3, '2023-04-30 10:21:43', '2023-04-30 10:21:43'),
(149, 'BRAKE LEVER FRONT', '', 3, '2023-04-30 10:34:11', '2023-04-30 10:34:11'),
(150, 'HANDLE GRIP THROTTLE', '', 3, '2023-04-30 10:36:01', '2023-04-30 10:36:01'),
(151, 'HANDLE GRIP L', '', 3, '2023-04-30 10:36:58', '2023-04-30 10:36:58'),
(152, 'BUMPER, LEG GUARD', '', 3, '2023-04-30 10:38:22', '2023-04-30 10:38:22'),
(153, 'BRAKE SHOE REAR', '', 3, '2023-05-01 00:04:57', '2023-05-01 00:04:57'),
(154, 'BRAKE SHOE FRONT', '', 3, '2023-05-01 00:06:00', '2023-05-01 00:06:00'),
(155, 'CYLINDER HEAD', '', 3, '2023-05-01 01:12:00', '2023-05-08 07:51:41'),
(156, 'BRAKE LEVER REAR', '', 3, '2023-05-06 00:08:17', '2023-05-06 00:08:17'),
(157, 'CLUTCH BATI SET', '', 3, '2023-05-06 09:03:20', '2023-05-08 08:08:31'),
(162, 'UPPER BRACKET COM', '', 3, '2023-05-21 07:33:58', '2023-05-21 07:33:58'),
(163, 'GASKET', '', 3, '2023-05-21 08:48:09', '2023-05-21 08:48:09');

-- --------------------------------------------------------

--
-- Table structure for table `inquery_data`
--

CREATE TABLE `inquery_data` (
  `id` int(11) NOT NULL,
  `serial_id` int(11) DEFAULT NULL,
  `job_card_id` int(11) DEFAULT NULL,
  `inquery_details` varchar(1000) DEFAULT NULL,
  `created_at` timestamp NULL DEFAULT NULL,
  `updated_at` timestamp NULL DEFAULT NULL
) ENGINE=InnoDB DEFAULT CHARSET=utf8mb4 COLLATE=utf8mb4_general_ci;

--
-- Dumping data for table `inquery_data`
--

INSERT INTO `inquery_data` (`id`, `serial_id`, `job_card_id`, `inquery_details`, `created_at`, `updated_at`) VALUES
(1, 1, 1, 'sdfsd', '2023-08-11 05:32:07', '2023-08-11 05:32:07'),
(2, 1, 1, 'cx', '2023-08-11 05:32:10', '2023-08-11 05:32:10');

-- --------------------------------------------------------

--
-- Table structure for table `migrations`
--

CREATE TABLE `migrations` (
  `id` int(10) UNSIGNED NOT NULL,
  `migration` varchar(255) NOT NULL,
  `batch` int(11) NOT NULL
) ENGINE=InnoDB DEFAULT CHARSET=utf8mb4 COLLATE=utf8mb4_unicode_ci;

--
-- Dumping data for table `migrations`
--

INSERT INTO `migrations` (`id`, `migration`, `batch`) VALUES
(1, '2014_10_12_000000_create_users_table', 1),
(2, '2014_10_12_100000_create_password_resets_table', 1),
(3, '2019_08_19_000000_create_failed_jobs_table', 1),
(4, '2019_12_14_000001_create_personal_access_tokens_table', 1),
(5, '2022_12_18_032106_create_phones_table', 1),
(6, '2022_12_18_044358_create_posts_table', 2),
(7, '2022_12_18_044757_create_comments_table', 2),
(8, '2022_12_18_053243_create_categories_table', 3),
(9, '2022_12_18_053330_create_category_posts_table', 3),
(10, '2022_12_18_054802_create_category_posts_table', 4),
(11, '2022_12_18_062823_create_attribute_values_table', 5),
(12, '2022_12_18_062904_create_attributes_table', 5),
(13, '2022_12_18_063052_create_attribute_attribute_values_table', 5),
(14, '2022_12_18_085023_create_models_table', 6),
(15, '2022_12_18_085037_create_brands_table', 6),
(16, '2022_12_18_085409_create_brand_models_table', 6),
(17, '2022_12_18_092005_create_categoryys_table', 7),
(18, '2022_12_18_092032_create_brand_categoryys_table', 7),
(19, '2022_12_18_093306_create_general_infos_table', 8),
(20, '2022_12_18_093341_create_details_infos_table', 8),
(21, '2022_12_18_093441_create_details_info_general_infos_table', 8);

-- --------------------------------------------------------

--
-- Table structure for table `modells`
--

CREATE TABLE `modells` (
  `id` int(11) NOT NULL,
  `name` varchar(250) NOT NULL,
  `description` varchar(255) NOT NULL,
  `updated_at` timestamp NULL DEFAULT NULL,
  `created_at` timestamp NULL DEFAULT NULL
) ENGINE=InnoDB DEFAULT CHARSET=utf8mb4 COLLATE=utf8mb4_general_ci;

--
-- Dumping data for table `modells`
--

INSERT INTO `modells` (`id`, `name`, `description`, `updated_at`, `created_at`) VALUES
(1, 'H4', '', '2023-04-06 07:47:44', '2023-04-06 07:47:44'),
(2, 'ULOCK', '', '2023-04-06 07:52:08', '2023-04-06 07:52:08'),
(3, 'R15 V3', '', '2023-04-06 08:01:44', '2023-04-06 08:01:44'),
(4, 'R15 V4', '', '2023-04-06 08:01:53', '2023-04-06 08:01:53'),
(5, 'R15 V3/V4', '', '2023-04-06 08:02:15', '2023-04-06 08:02:15'),
(6, 'FZ/FAZER', '', '2023-04-06 08:02:31', '2023-04-06 08:02:31'),
(7, 'FZ V3', '', '2023-04-06 08:02:55', '2023-04-06 08:02:55'),
(8, 'R 15 V2', '', '2023-04-06 08:03:25', '2023-04-06 08:03:25'),
(9, 'MT 15 V1', '', '2023-04-06 08:06:38', '2023-04-06 08:06:38'),
(10, 'GIXXER', '', '2023-04-06 08:08:55', '2023-04-06 08:08:55'),
(11, 'MT 15', '', '2023-04-23 07:56:21', '2023-04-23 07:56:21'),
(12, 'FZ V2', '', '2023-04-23 08:05:56', '2023-04-23 08:05:56'),
(13, 'SALUTO', '', '2023-04-23 08:18:44', '2023-04-23 08:18:44'),
(14, 'ENTICER', '', '2023-04-29 09:42:46', '2023-04-29 09:42:46'),
(15, 'HAYATE', '', '2023-04-30 01:33:06', '2023-04-30 01:33:06'),
(16, 'GIXXER SF', '', '2023-04-30 01:44:12', '2023-04-30 01:44:12'),
(17, 'GSXR', '', '2023-04-30 09:18:21', '2023-04-30 09:18:21'),
(18, 'GIXXER', '', '2023-05-01 00:01:35', '2023-05-01 00:01:35'),
(19, 'APACHE RTR', '', '2023-05-01 00:12:56', '2023-05-01 00:12:56'),
(20, 'STRYKER', '', '2023-05-01 00:14:13', '2023-05-01 00:14:13'),
(21, 'METRO', '', '2023-05-01 00:22:24', '2023-05-01 00:22:24'),
(22, 'APACHE RTR 4V', '', '2023-05-01 00:27:34', '2023-05-01 00:27:34'),
(23, 'APACHE RTR NEO', '', '2023-05-01 00:42:25', '2023-05-01 00:42:25'),
(24, 'METRO PLUS', '', '2023-05-01 01:08:08', '2023-05-01 01:08:08'),
(25, 'CB TRIGGER', '', '2023-05-06 09:27:26', '2023-05-06 09:27:26'),
(26, 'HORNED SD', '', '2023-05-06 09:27:41', '2023-05-06 09:27:41'),
(27, 'HORNET DD/CBS', '', '2023-05-06 09:28:04', '2023-05-06 09:28:04'),
(28, 'LIVO', '', '2023-05-06 09:28:36', '2023-05-06 09:28:36'),
(29, 'HUNK', '', '2023-05-06 09:29:15', '2023-05-06 09:29:15'),
(30, 'GLAMOUR', '', '2023-05-06 09:29:24', '2023-05-06 09:29:24'),
(31, 'CBR INDIAN', '', '2023-05-06 09:30:07', '2023-05-06 09:30:07'),
(32, 'CBR INDO', '', '2023-05-06 09:30:16', '2023-05-06 09:30:16'),
(33, 'CBR THAI', '', '2023-05-06 09:30:29', '2023-05-06 09:30:29'),
(34, 'THRILLER 160R ABS', '', '2023-05-06 09:32:06', '2023-05-06 09:32:06'),
(35, 'THRILLER 160R SD', '', '2023-05-06 09:32:25', '2023-05-06 09:32:25'),
(36, 'SPLENDOR', '', '2023-05-10 08:50:19', '2023-05-10 08:50:19'),
(37, 'X BLADE', '', '2023-05-11 08:31:13', '2023-05-11 08:31:13'),
(38, 'CB SHINE', '', '2023-05-11 08:37:15', '2023-05-11 08:37:15'),
(39, 'DREAM NEO', '', '2023-05-20 01:47:59', '2023-05-20 01:47:59'),
(40, 'IGNITOR', '', '2023-05-20 01:51:06', '2023-05-20 01:51:06'),
(41, 'XTREME', '', '2023-05-20 08:18:13', '2023-05-20 08:18:13'),
(42, 'EXMOTION THAILAND', '', '2023-05-20 08:45:30', '2023-05-20 08:45:30'),
(43, 'R15 V3/V4 INDO', '', '2023-05-21 08:35:57', '2023-05-21 08:35:57');

-- --------------------------------------------------------

--
-- Table structure for table `password_resets`
--

CREATE TABLE `password_resets` (
  `email` varchar(255) NOT NULL,
  `token` varchar(255) NOT NULL,
  `created_at` timestamp NULL DEFAULT NULL
) ENGINE=InnoDB DEFAULT CHARSET=utf8mb4 COLLATE=utf8mb4_unicode_ci;

-- --------------------------------------------------------

--
-- Table structure for table `personal_access_tokens`
--

CREATE TABLE `personal_access_tokens` (
  `id` bigint(20) UNSIGNED NOT NULL,
  `tokenable_type` varchar(255) NOT NULL,
  `tokenable_id` bigint(20) UNSIGNED NOT NULL,
  `name` varchar(255) NOT NULL,
  `token` varchar(64) NOT NULL,
  `abilities` text DEFAULT NULL,
  `last_used_at` timestamp NULL DEFAULT NULL,
  `expires_at` timestamp NULL DEFAULT NULL,
  `created_at` timestamp NULL DEFAULT NULL,
  `updated_at` timestamp NULL DEFAULT NULL
) ENGINE=InnoDB DEFAULT CHARSET=utf8mb4 COLLATE=utf8mb4_unicode_ci;

-- --------------------------------------------------------

--
-- Table structure for table `phones`
--

CREATE TABLE `phones` (
  `id` bigint(20) UNSIGNED NOT NULL,
  `name` varchar(255) NOT NULL,
  `user_id` varchar(255) NOT NULL,
  `created_at` timestamp NULL DEFAULT NULL,
  `updated_at` timestamp NULL DEFAULT NULL
) ENGINE=InnoDB DEFAULT CHARSET=utf8mb4 COLLATE=utf8mb4_unicode_ci;

--
-- Dumping data for table `phones`
--

INSERT INTO `phones` (`id`, `name`, `user_id`, `created_at`, `updated_at`) VALUES
(1, 'Phone One', '1', NULL, NULL),
(2, 'Phone Two', '2', NULL, NULL);

-- --------------------------------------------------------

--
-- Table structure for table `posts`
--

CREATE TABLE `posts` (
  `id` bigint(20) UNSIGNED NOT NULL,
  `title` varchar(255) NOT NULL,
  `created_at` timestamp NULL DEFAULT NULL,
  `updated_at` timestamp NULL DEFAULT NULL
) ENGINE=InnoDB DEFAULT CHARSET=utf8mb4 COLLATE=utf8mb4_unicode_ci;

--
-- Dumping data for table `posts`
--

INSERT INTO `posts` (`id`, `title`, `created_at`, `updated_at`) VALUES
(1, 'Post One', NULL, NULL),
(2, 'Post Two', NULL, NULL),
(3, 'Post Three', NULL, NULL),
(4, 'Post Four', NULL, NULL),
(5, 'Post Five', NULL, NULL),
(6, 'Post Six', NULL, NULL);

-- --------------------------------------------------------

--
-- Table structure for table `problem_details`
--

CREATE TABLE `problem_details` (
  `id` int(11) NOT NULL,
  `serial_id` int(11) DEFAULT NULL,
  `job_card_id` int(11) DEFAULT NULL,
  `problem_details` varchar(5000) DEFAULT NULL,
  `created_at` timestamp NULL DEFAULT NULL,
  `updated_at` timestamp NULL DEFAULT NULL
) ENGINE=InnoDB DEFAULT CHARSET=utf8mb4 COLLATE=utf8mb4_general_ci;

-- --------------------------------------------------------

--
-- Table structure for table `receiveds`
--

CREATE TABLE `receiveds` (
  `id` int(11) NOT NULL,
  `received_no` varchar(11) DEFAULT NULL,
  `received_date` date DEFAULT NULL,
  `vendor_id` varchar(11) DEFAULT NULL,
  `total_amount` varchar(250) DEFAULT NULL,
  `discount` varchar(250) DEFAULT NULL,
  `updated_at` timestamp NULL DEFAULT NULL,
  `created_at` timestamp NULL DEFAULT NULL
) ENGINE=InnoDB DEFAULT CHARSET=utf8mb4 COLLATE=utf8mb4_general_ci;

--
-- Dumping data for table `receiveds`
--

INSERT INTO `receiveds` (`id`, `received_no`, `received_date`, `vendor_id`, `total_amount`, `discount`, `updated_at`, `created_at`) VALUES
(1, '1001', '2023-05-02', '2', '4500', '0', '2023-05-02 05:53:05', '2023-05-02 05:53:05');

-- --------------------------------------------------------

--
-- Table structure for table `received_details`
--

CREATE TABLE `received_details` (
  `id` int(11) NOT NULL,
  `received_id` varchar(250) DEFAULT NULL,
  `bar_code` varchar(250) DEFAULT NULL,
  `product_id` varchar(11) NOT NULL,
  `quantity` varchar(250) NOT NULL,
  `issued_quantity` varchar(250) NOT NULL DEFAULT '0',
  `price` varchar(250) NOT NULL,
  `sale_price` varchar(250) NOT NULL DEFAULT '0',
  `updated_at` timestamp NULL DEFAULT NULL,
  `created_at` timestamp NULL DEFAULT NULL
) ENGINE=InnoDB DEFAULT CHARSET=utf8mb4 COLLATE=utf8mb4_general_ci;

--
-- Dumping data for table `received_details`
--

INSERT INTO `received_details` (`id`, `received_id`, `bar_code`, `product_id`, `quantity`, `issued_quantity`, `price`, `sale_price`, `updated_at`, `created_at`) VALUES
(1, '1', '10011', '1', '10', '0', '450', '500', '2023-05-02 05:53:05', '2023-05-02 05:53:05');

-- --------------------------------------------------------

--
-- Table structure for table `received_received_detail`
--

CREATE TABLE `received_received_detail` (
  `id` int(11) NOT NULL,
  `received_id` varchar(11) NOT NULL,
  `received_detail_id` varchar(11) NOT NULL,
  `updated_at` timestamp NULL DEFAULT NULL,
  `created_at` timestamp NULL DEFAULT NULL
) ENGINE=InnoDB DEFAULT CHARSET=utf8mb4 COLLATE=utf8mb4_general_ci;

--
-- Dumping data for table `received_received_detail`
--

INSERT INTO `received_received_detail` (`id`, `received_id`, `received_detail_id`, `updated_at`, `created_at`) VALUES
(1, '1', '1', '2023-05-02 05:53:05', '2023-05-02 05:53:05');

-- --------------------------------------------------------

--
-- Table structure for table `sales`
--

CREATE TABLE `sales` (
  `id` int(11) NOT NULL,
  `isServices` varchar(100) DEFAULT NULL,
  `invoice_no` varchar(250) DEFAULT NULL,
  `invoice_date` date NOT NULL,
  `customer_id` varchar(250) DEFAULT NULL,
  `total_amount` varchar(250) DEFAULT NULL,
  `discount` varchar(250) DEFAULT NULL,
  `paid_amount` varchar(250) DEFAULT NULL,
  `due_amount` varchar(250) DEFAULT NULL,
  `status` varchar(500) DEFAULT NULL,
  `created_at` timestamp NULL DEFAULT NULL,
  `updated_at` timestamp NULL DEFAULT NULL
) ENGINE=InnoDB DEFAULT CHARSET=utf8mb4 COLLATE=utf8mb4_general_ci;

-- --------------------------------------------------------

--
-- Table structure for table `sales_details`
--

CREATE TABLE `sales_details` (
  `id` int(11) NOT NULL,
  `isActive` varchar(100) DEFAULT NULL,
  `product_id` varchar(250) DEFAULT NULL,
  `isItem` varchar(11) DEFAULT NULL,
  `unit_id` varchar(250) DEFAULT NULL,
  `sales_quantity` varchar(250) DEFAULT NULL,
  `sales_price` varchar(250) DEFAULT NULL,
  `total` varchar(250) DEFAULT NULL,
  `discount` varchar(250) DEFAULT NULL,
  `dbAmount` varchar(250) DEFAULT NULL,
  `crAmount` varchar(250) DEFAULT NULL,
  `created_at` timestamp NULL DEFAULT NULL,
  `updated_at` timestamp NULL DEFAULT NULL
) ENGINE=InnoDB DEFAULT CHARSET=utf8mb4 COLLATE=utf8mb4_general_ci;

-- --------------------------------------------------------

--
-- Table structure for table `sale_sales_detail`
--

CREATE TABLE `sale_sales_detail` (
  `id` int(11) NOT NULL,
  `sale_id` int(11) NOT NULL,
  `sales_detail_id` int(11) NOT NULL,
  `created_at` timestamp NULL DEFAULT NULL,
  `updated_at` timestamp NULL DEFAULT NULL
) ENGINE=InnoDB DEFAULT CHARSET=utf8mb4 COLLATE=utf8mb4_general_ci;

-- --------------------------------------------------------

--
-- Table structure for table `services`
--

CREATE TABLE `services` (
  `id` int(11) NOT NULL,
  `name` varchar(1000) DEFAULT NULL,
  `description` varchar(1000) DEFAULT NULL,
  `price` varchar(1000) DEFAULT NULL,
  `created_at` timestamp NULL DEFAULT NULL,
  `updated_at` timestamp NULL DEFAULT NULL
) ENGINE=InnoDB DEFAULT CHARSET=utf8mb4 COLLATE=utf8mb4_general_ci;

--
-- Dumping data for table `services`
--

INSERT INTO `services` (`id`, `name`, `description`, `price`, `created_at`, `updated_at`) VALUES
(1, 'Wash 150', '', '150', '2023-04-06 08:35:53', '2023-04-06 08:35:53'),
(2, 'Wash Foam', '', '200', '2023-04-06 08:36:07', '2023-04-06 08:36:07'),
(3, 'Master Service Premium Sports', '', '2000', '2023-04-06 08:36:59', '2023-04-06 08:36:59'),
(4, 'PRO-RIDE SERVICE SPORTS', '', '1500', '2023-05-01 08:43:15', '2023-05-01 08:43:15'),
(5, 'PRO-RIDE SERVICE COMMUTER', '', '1000', '2023-05-01 08:43:37', '2023-05-01 08:43:37'),
(6, 'PRO-RIDE SERVICE BELLOW 150', '', '800', '2023-05-01 08:44:13', '2023-05-01 08:44:13'),
(7, 'BASIC SERVICE', '', '600', '2023-05-01 08:44:26', '2023-05-01 08:44:26'),
(8, 'BALL RACER CHANGE', '', '300', '2023-05-01 08:44:44', '2023-05-01 08:44:44'),
(9, 'OIL CHANGE', '', '30', '2023-05-01 08:47:00', '2023-05-01 08:47:00'),
(10, 'CHAIN SPOKET CHANGE', '', '200', '2023-05-01 08:47:21', '2023-05-01 08:47:21'),
(11, 'CLUTCH PLATE CHANGE', '', '300', '2023-05-01 08:47:37', '2023-05-01 08:47:37'),
(12, 'SHOCK ABSORBER WORK', '', '300', '2023-05-01 08:49:24', '2023-05-01 08:49:24'),
(13, 'WARING SERVICE', '', '1000', '2023-05-01 08:50:25', '2023-05-01 08:50:25'),
(14, 'OTHERS SERVICE CHARGE 1', '', '50', '2023-05-01 08:50:47', '2023-05-01 08:50:47'),
(15, 'OTHERS SERVICE CHARGE 2', '', '100', '2023-05-01 08:50:53', '2023-05-01 08:50:53'),
(16, 'FUEL TANK CLEAN', '', '300', '2023-05-01 08:54:04', '2023-05-01 08:54:04'),
(17, 'CARBURATOR WASH', '', '200', '2023-05-01 08:55:45', '2023-05-01 08:55:45'),
(18, 'THROTTLE BODY CLEAN', '', '200', '2023-05-01 08:55:59', '2023-05-01 08:55:59'),
(19, 'BACK CHASSIS BUSH CHANGE/FITTING', '', '200', '2023-05-01 08:57:08', '2023-05-01 08:57:08'),
(20, 'MAGNET  SIDE WORK', '', '300', '2023-05-01 08:58:43', '2023-05-01 08:58:43'),
(21, 'ENGINE OVERHAULING ONE SIDE', '', '1500', '2023-05-01 08:59:52', '2023-05-01 08:59:52'),
(22, 'ENGINE OVERHAULING BELLOW 135', '', '4500', '2023-05-01 09:00:23', '2023-05-01 09:00:23'),
(23, 'ENGINE OVERHAULING COMMUTER', '', '5500', '2023-05-01 09:00:41', '2023-05-01 09:00:41'),
(24, 'ENGINE OVERHAULING SPORTS', '', '7500', '2023-05-01 09:00:59', '2023-05-01 09:00:59');

-- --------------------------------------------------------

--
-- Table structure for table `services_serial`
--

CREATE TABLE `services_serial` (
  `id` int(11) NOT NULL,
  `customer_id` varchar(50) DEFAULT NULL,
  `job_card_id` varchar(150) DEFAULT NULL,
  `problem_details_id` varchar(50) DEFAULT NULL,
  `status` varchar(1000) DEFAULT NULL,
  `created_at` timestamp NULL DEFAULT NULL,
  `updated_at` timestamp NULL DEFAULT NULL
) ENGINE=InnoDB DEFAULT CHARSET=utf8mb4 COLLATE=utf8mb4_general_ci;

-- --------------------------------------------------------

--
-- Table structure for table `stocks`
--

CREATE TABLE `stocks` (
  `id` int(11) NOT NULL,
  `received_detail_id` varchar(11) DEFAULT NULL,
  `product_id` varchar(250) NOT NULL,
  `vendor_id` varchar(250) DEFAULT NULL,
  `received_quantity` varchar(250) DEFAULT NULL,
  `received_amount` varchar(250) DEFAULT NULL,
  `issue_quantity` varchar(250) DEFAULT NULL,
  `issue_amount` varchar(250) DEFAULT NULL,
  `created_at` timestamp NULL DEFAULT NULL,
  `updated_at` timestamp NULL DEFAULT NULL
) ENGINE=InnoDB DEFAULT CHARSET=utf8mb4 COLLATE=utf8mb4_general_ci;

--
-- Dumping data for table `stocks`
--

INSERT INTO `stocks` (`id`, `received_detail_id`, `product_id`, `vendor_id`, `received_quantity`, `received_amount`, `issue_quantity`, `issue_amount`, `created_at`, `updated_at`) VALUES
(1, '1', '1', '2', '10', '500', '0', '0', '2023-05-02 05:53:05', '2023-05-02 05:53:05');

-- --------------------------------------------------------

--
-- Table structure for table `tags`
--

CREATE TABLE `tags` (
  `id` int(11) NOT NULL,
  `name` varchar(200) NOT NULL,
  `description` varchar(500) NOT NULL,
  `updated_at` timestamp NULL DEFAULT NULL,
  `created_at` timestamp NULL DEFAULT NULL
) ENGINE=InnoDB DEFAULT CHARSET=utf8mb4 COLLATE=utf8mb4_general_ci;

--
-- Dumping data for table `tags`
--

INSERT INTO `tags` (`id`, `name`, `description`, `updated_at`, `created_at`) VALUES
(1, 'FI s.c', '', '2023-04-23 08:06:37', '2023-04-23 08:06:37'),
(2, 'DOUBLE CABLE', '', '2023-04-23 08:08:24', '2023-04-23 08:08:24');

-- --------------------------------------------------------

--
-- Table structure for table `users`
--

CREATE TABLE `users` (
  `id` bigint(20) UNSIGNED NOT NULL,
  `name` varchar(255) NOT NULL,
  `email` varchar(255) NOT NULL,
  `email_verified_at` timestamp NULL DEFAULT NULL,
  `password` varchar(255) NOT NULL,
  `remember_token` varchar(100) DEFAULT NULL,
  `created_at` timestamp NULL DEFAULT NULL,
  `updated_at` timestamp NULL DEFAULT NULL
) ENGINE=InnoDB DEFAULT CHARSET=utf8mb4 COLLATE=utf8mb4_unicode_ci;

--
-- Dumping data for table `users`
--

INSERT INTO `users` (`id`, `name`, `email`, `email_verified_at`, `password`, `remember_token`, `created_at`, `updated_at`) VALUES
(1, 'User One', 'userone@gmail.com', NULL, '123', NULL, '2022-12-18 03:25:03', '2022-12-18 03:25:03'),
(2, 'User Two', 'usertwo@gmail.com', NULL, '123', NULL, NULL, NULL);

-- --------------------------------------------------------

--
-- Table structure for table `vendor`
--

CREATE TABLE `vendor` (
  `id` int(11) NOT NULL,
  `name` varchar(250) DEFAULT NULL,
  `email` varchar(250) DEFAULT NULL,
  `phone` varchar(250) DEFAULT NULL,
  `address` varchar(250) DEFAULT NULL,
  `description` varchar(250) DEFAULT NULL,
  `updated_at` timestamp NULL DEFAULT NULL,
  `created_at` timestamp NULL DEFAULT NULL
) ENGINE=InnoDB DEFAULT CHARSET=utf8mb4 COLLATE=utf8mb4_general_ci;

--
-- Dumping data for table `vendor`
--

INSERT INTO `vendor` (`id`, `name`, `email`, `phone`, `address`, `description`, `updated_at`, `created_at`) VALUES
(1, 'SHEAM TRADING', '', '01708020303,01674256848', '', '', '2023-04-06 08:30:02', '2023-04-06 08:30:02'),
(2, 'MOTO MEDIC LTD.', '', '01', '', '', '2023-04-23 08:24:59', '2023-04-23 08:24:59');

--
-- Indexes for dumped tables
--

--
-- Indexes for table `attribute`
--
ALTER TABLE `attribute`
  ADD PRIMARY KEY (`id`);

--
-- Indexes for table `attributes`
--
ALTER TABLE `attributes`
  ADD PRIMARY KEY (`id`);

--
-- Indexes for table `attribute_attribute_value`
--
ALTER TABLE `attribute_attribute_value`
  ADD PRIMARY KEY (`id`);

--
-- Indexes for table `attribute_attribute_values`
--
ALTER TABLE `attribute_attribute_values`
  ADD PRIMARY KEY (`id`);

--
-- Indexes for table `attribute_values`
--
ALTER TABLE `attribute_values`
  ADD PRIMARY KEY (`id`);

--
-- Indexes for table `brands`
--
ALTER TABLE `brands`
  ADD PRIMARY KEY (`id`);

--
-- Indexes for table `brand_categoryy`
--
ALTER TABLE `brand_categoryy`
  ADD PRIMARY KEY (`id`);

--
-- Indexes for table `brand_modell`
--
ALTER TABLE `brand_modell`
  ADD PRIMARY KEY (`id`);

--
-- Indexes for table `categories`
--
ALTER TABLE `categories`
  ADD PRIMARY KEY (`id`);

--
-- Indexes for table `categoryys`
--
ALTER TABLE `categoryys`
  ADD PRIMARY KEY (`id`);

--
-- Indexes for table `category_post`
--
ALTER TABLE `category_post`
  ADD PRIMARY KEY (`id`);

--
-- Indexes for table `category_posts`
--
ALTER TABLE `category_posts`
  ADD PRIMARY KEY (`id`);

--
-- Indexes for table `comments`
--
ALTER TABLE `comments`
  ADD PRIMARY KEY (`id`);

--
-- Indexes for table `customer`
--
ALTER TABLE `customer`
  ADD PRIMARY KEY (`id`);

--
-- Indexes for table `details_infos`
--
ALTER TABLE `details_infos`
  ADD PRIMARY KEY (`id`);

--
-- Indexes for table `details_info_general_info`
--
ALTER TABLE `details_info_general_info`
  ADD PRIMARY KEY (`id`);

--
-- Indexes for table `failed_jobs`
--
ALTER TABLE `failed_jobs`
  ADD PRIMARY KEY (`id`),
  ADD UNIQUE KEY `failed_jobs_uuid_unique` (`uuid`);

--
-- Indexes for table `general_infos`
--
ALTER TABLE `general_infos`
  ADD PRIMARY KEY (`id`);

--
-- Indexes for table `inquery_data`
--
ALTER TABLE `inquery_data`
  ADD PRIMARY KEY (`id`);

--
-- Indexes for table `migrations`
--
ALTER TABLE `migrations`
  ADD PRIMARY KEY (`id`);

--
-- Indexes for table `modells`
--
ALTER TABLE `modells`
  ADD PRIMARY KEY (`id`);

--
-- Indexes for table `password_resets`
--
ALTER TABLE `password_resets`
  ADD KEY `password_resets_email_index` (`email`);

--
-- Indexes for table `personal_access_tokens`
--
ALTER TABLE `personal_access_tokens`
  ADD PRIMARY KEY (`id`),
  ADD UNIQUE KEY `personal_access_tokens_token_unique` (`token`),
  ADD KEY `personal_access_tokens_tokenable_type_tokenable_id_index` (`tokenable_type`,`tokenable_id`);

--
-- Indexes for table `phones`
--
ALTER TABLE `phones`
  ADD PRIMARY KEY (`id`);

--
-- Indexes for table `posts`
--
ALTER TABLE `posts`
  ADD PRIMARY KEY (`id`);

--
-- Indexes for table `problem_details`
--
ALTER TABLE `problem_details`
  ADD PRIMARY KEY (`id`);

--
-- Indexes for table `receiveds`
--
ALTER TABLE `receiveds`
  ADD PRIMARY KEY (`id`);

--
-- Indexes for table `received_details`
--
ALTER TABLE `received_details`
  ADD PRIMARY KEY (`id`);

--
-- Indexes for table `received_received_detail`
--
ALTER TABLE `received_received_detail`
  ADD PRIMARY KEY (`id`);

--
-- Indexes for table `sales`
--
ALTER TABLE `sales`
  ADD PRIMARY KEY (`id`);

--
-- Indexes for table `sales_details`
--
ALTER TABLE `sales_details`
  ADD PRIMARY KEY (`id`);

--
-- Indexes for table `sale_sales_detail`
--
ALTER TABLE `sale_sales_detail`
  ADD PRIMARY KEY (`id`);

--
-- Indexes for table `services`
--
ALTER TABLE `services`
  ADD PRIMARY KEY (`id`);

--
-- Indexes for table `services_serial`
--
ALTER TABLE `services_serial`
  ADD PRIMARY KEY (`id`);

--
-- Indexes for table `stocks`
--
ALTER TABLE `stocks`
  ADD PRIMARY KEY (`id`);

--
-- Indexes for table `tags`
--
ALTER TABLE `tags`
  ADD PRIMARY KEY (`id`);

--
-- Indexes for table `users`
--
ALTER TABLE `users`
  ADD PRIMARY KEY (`id`),
  ADD UNIQUE KEY `users_email_unique` (`email`);

--
-- Indexes for table `vendor`
--
ALTER TABLE `vendor`
  ADD PRIMARY KEY (`id`);

--
-- AUTO_INCREMENT for dumped tables
--

--
-- AUTO_INCREMENT for table `attribute`
--
ALTER TABLE `attribute`
  MODIFY `id` bigint(20) UNSIGNED NOT NULL AUTO_INCREMENT, AUTO_INCREMENT=3;

--
-- AUTO_INCREMENT for table `attributes`
--
ALTER TABLE `attributes`
  MODIFY `id` int(11) NOT NULL AUTO_INCREMENT, AUTO_INCREMENT=3;

--
-- AUTO_INCREMENT for table `attribute_attribute_value`
--
ALTER TABLE `attribute_attribute_value`
  MODIFY `id` int(11) NOT NULL AUTO_INCREMENT;

--
-- AUTO_INCREMENT for table `attribute_attribute_values`
--
ALTER TABLE `attribute_attribute_values`
  MODIFY `id` int(11) NOT NULL AUTO_INCREMENT;

--
-- AUTO_INCREMENT for table `attribute_values`
--
ALTER TABLE `attribute_values`
  MODIFY `id` int(11) NOT NULL AUTO_INCREMENT;

--
-- AUTO_INCREMENT for table `brands`
--
ALTER TABLE `brands`
  MODIFY `id` bigint(20) UNSIGNED NOT NULL AUTO_INCREMENT, AUTO_INCREMENT=8;

--
-- AUTO_INCREMENT for table `brand_categoryy`
--
ALTER TABLE `brand_categoryy`
  MODIFY `id` bigint(20) UNSIGNED NOT NULL AUTO_INCREMENT;

--
-- AUTO_INCREMENT for table `brand_modell`
--
ALTER TABLE `brand_modell`
  MODIFY `id` int(11) NOT NULL AUTO_INCREMENT, AUTO_INCREMENT=44;

--
-- AUTO_INCREMENT for table `categories`
--
ALTER TABLE `categories`
  MODIFY `id` bigint(20) UNSIGNED NOT NULL AUTO_INCREMENT;

--
-- AUTO_INCREMENT for table `categoryys`
--
ALTER TABLE `categoryys`
  MODIFY `id` bigint(20) UNSIGNED NOT NULL AUTO_INCREMENT, AUTO_INCREMENT=4;

--
-- AUTO_INCREMENT for table `category_post`
--
ALTER TABLE `category_post`
  MODIFY `id` bigint(20) UNSIGNED NOT NULL AUTO_INCREMENT, AUTO_INCREMENT=17;

--
-- AUTO_INCREMENT for table `category_posts`
--
ALTER TABLE `category_posts`
  MODIFY `id` bigint(20) UNSIGNED NOT NULL AUTO_INCREMENT;

--
-- AUTO_INCREMENT for table `comments`
--
ALTER TABLE `comments`
  MODIFY `id` bigint(20) UNSIGNED NOT NULL AUTO_INCREMENT, AUTO_INCREMENT=6;

--
-- AUTO_INCREMENT for table `customer`
--
ALTER TABLE `customer`
  MODIFY `id` int(11) NOT NULL AUTO_INCREMENT, AUTO_INCREMENT=3;

--
-- AUTO_INCREMENT for table `details_infos`
--
ALTER TABLE `details_infos`
  MODIFY `id` bigint(20) UNSIGNED NOT NULL AUTO_INCREMENT, AUTO_INCREMENT=709;

--
-- AUTO_INCREMENT for table `details_info_general_info`
--
ALTER TABLE `details_info_general_info`
  MODIFY `id` bigint(20) UNSIGNED NOT NULL AUTO_INCREMENT, AUTO_INCREMENT=709;

--
-- AUTO_INCREMENT for table `failed_jobs`
--
ALTER TABLE `failed_jobs`
  MODIFY `id` bigint(20) UNSIGNED NOT NULL AUTO_INCREMENT;

--
-- AUTO_INCREMENT for table `general_infos`
--
ALTER TABLE `general_infos`
  MODIFY `id` bigint(20) UNSIGNED NOT NULL AUTO_INCREMENT, AUTO_INCREMENT=164;

--
-- AUTO_INCREMENT for table `inquery_data`
--
ALTER TABLE `inquery_data`
  MODIFY `id` int(11) NOT NULL AUTO_INCREMENT, AUTO_INCREMENT=3;

--
-- AUTO_INCREMENT for table `migrations`
--
ALTER TABLE `migrations`
  MODIFY `id` int(10) UNSIGNED NOT NULL AUTO_INCREMENT, AUTO_INCREMENT=22;

--
-- AUTO_INCREMENT for table `modells`
--
ALTER TABLE `modells`
  MODIFY `id` int(11) NOT NULL AUTO_INCREMENT, AUTO_INCREMENT=44;

--
-- AUTO_INCREMENT for table `personal_access_tokens`
--
ALTER TABLE `personal_access_tokens`
  MODIFY `id` bigint(20) UNSIGNED NOT NULL AUTO_INCREMENT;

--
-- AUTO_INCREMENT for table `phones`
--
ALTER TABLE `phones`
  MODIFY `id` bigint(20) UNSIGNED NOT NULL AUTO_INCREMENT, AUTO_INCREMENT=3;

--
-- AUTO_INCREMENT for table `posts`
--
ALTER TABLE `posts`
  MODIFY `id` bigint(20) UNSIGNED NOT NULL AUTO_INCREMENT, AUTO_INCREMENT=7;

--
-- AUTO_INCREMENT for table `problem_details`
--
ALTER TABLE `problem_details`
  MODIFY `id` int(11) NOT NULL AUTO_INCREMENT;

--
-- AUTO_INCREMENT for table `receiveds`
--
ALTER TABLE `receiveds`
  MODIFY `id` int(11) NOT NULL AUTO_INCREMENT, AUTO_INCREMENT=2;

--
-- AUTO_INCREMENT for table `received_details`
--
ALTER TABLE `received_details`
  MODIFY `id` int(11) NOT NULL AUTO_INCREMENT, AUTO_INCREMENT=2;

--
-- AUTO_INCREMENT for table `received_received_detail`
--
ALTER TABLE `received_received_detail`
  MODIFY `id` int(11) NOT NULL AUTO_INCREMENT, AUTO_INCREMENT=2;

--
-- AUTO_INCREMENT for table `sales`
--
ALTER TABLE `sales`
  MODIFY `id` int(11) NOT NULL AUTO_INCREMENT;

--
-- AUTO_INCREMENT for table `sales_details`
--
ALTER TABLE `sales_details`
  MODIFY `id` int(11) NOT NULL AUTO_INCREMENT;

--
-- AUTO_INCREMENT for table `sale_sales_detail`
--
ALTER TABLE `sale_sales_detail`
  MODIFY `id` int(11) NOT NULL AUTO_INCREMENT;

--
-- AUTO_INCREMENT for table `services`
--
ALTER TABLE `services`
  MODIFY `id` int(11) NOT NULL AUTO_INCREMENT, AUTO_INCREMENT=25;

--
-- AUTO_INCREMENT for table `services_serial`
--
ALTER TABLE `services_serial`
  MODIFY `id` int(11) NOT NULL AUTO_INCREMENT;

--
-- AUTO_INCREMENT for table `stocks`
--
ALTER TABLE `stocks`
  MODIFY `id` int(11) NOT NULL AUTO_INCREMENT, AUTO_INCREMENT=2;

--
-- AUTO_INCREMENT for table `tags`
--
ALTER TABLE `tags`
  MODIFY `id` int(11) NOT NULL AUTO_INCREMENT, AUTO_INCREMENT=3;

--
-- AUTO_INCREMENT for table `users`
--
ALTER TABLE `users`
  MODIFY `id` bigint(20) UNSIGNED NOT NULL AUTO_INCREMENT, AUTO_INCREMENT=3;

--
-- AUTO_INCREMENT for table `vendor`
--
ALTER TABLE `vendor`
  MODIFY `id` int(11) NOT NULL AUTO_INCREMENT, AUTO_INCREMENT=3;
COMMIT;

/*!40101 SET CHARACTER_SET_CLIENT=@OLD_CHARACTER_SET_CLIENT */;
/*!40101 SET CHARACTER_SET_RESULTS=@OLD_CHARACTER_SET_RESULTS */;
/*!40101 SET COLLATION_CONNECTION=@OLD_COLLATION_CONNECTION */;
